condition,rating,usefulCount,sentiment
0,10,2,1
0,8,1,0
0,1,4,-1
0,1,4,-1
0,8,4,1
0,3,2,-1
0,2,3,-1
0,9,17,1
0,1,0,-1
0,9,29,-1
0,2,38,-1
0,1,5,-1
0,1,10,-1
0,2,6,0
0,6,11,-1
0,3,1,1
0,8,36,-1
0,4,0,0
0,3,11,-1
0,7,22,-1
0,3,1,0
0,1,2,-1
0,1,7,-1
0,5,0,-1
0,6,2,1
0,3,1,0
0,10,12,0
0,1,5,-1
0,1,4,-1
0,8,2,-1
0,3,18,-1
0,10,7,0
0,3,0,-1
0,7,8,0
0,5,11,-1
0,1,7,-1
0,2,3,-1
0,7,22,1
0,3,0,-1
0,2,0,1
0,4,8,-1
0,3,1,-1
0,1,5,-1
0,2,7,-1
0,1,10,-1
0,5,2,-1
0,10,9,-1
0,2,1,-1
0,1,10,1
0,2,1,-1
0,2,4,-1
0,1,4,-1
0,1,18,-1
0,5,3,0
0,1,4,-1
0,1,1,-1
0,3,4,-1
0,1,1,-1
0,2,4,-1
0,5,15,-1
0,1,13,1
0,2,2,-1
0,1,4,-1
0,10,137,1
0,3,0,-1
0,10,11,1
0,8,0,1
0,3,3,-1
0,4,24,-1
0,1,5,-1
0,1,2,-1
0,1,9,-1
0,1,4,-1
0,5,6,0
0,1,3,-1
0,6,2,1
0,2,7,-1
0,1,3,-1
0,1,2,-1
0,1,2,-1
0,1,4,-1
0,10,13,1
0,3,0,-1
0,1,1,0
0,1,4,-1
0,1,2,0
0,1,7,-1
0,2,0,-1
0,7,1,0
0,10,1,1
0,4,2,1
0,8,7,1
0,1,4,1
0,7,2,1
0,3,1,-1
0,6,21,-1
0,8,9,-1
0,1,2,-1
0,3,0,-1
0,8,45,0
0,8,2,1
0,1,1,-1
0,1,6,-1
0,1,3,-1
0,1,0,-1
0,8,61,1
0,9,34,0
0,1,2,-1
0,1,3,-1
0,6,7,0
0,7,11,0
0,10,3,1
0,1,5,-1
0,2,0,-1
0,2,1,0
0,8,6,1
0,8,2,-1
0,7,7,1
0,7,3,0
0,6,14,-1
0,1,2,-1
0,4,19,0
0,3,2,-1
0,1,1,-1
0,10,6,0
0,5,3,-1
0,5,9,-1
0,3,3,-1
0,3,23,0
0,6,1,0
0,8,18,-1
0,6,16,0
0,5,9,-1
0,1,20,-1
0,1,0,-1
0,6,1,0
0,1,19,-1
0,1,6,0
0,2,2,-1
0,9,5,1
0,1,0,1
0,1,4,-1
0,3,6,-1
0,1,5,-1
0,1,1,-1
0,1,1,-1
0,4,6,-1
0,1,2,-1
0,1,7,-1
0,10,25,1
0,3,2,-1
0,4,3,-1
0,1,0,-1
0,1,1,-1
0,1,4,-1
0,2,14,-1
0,3,0,-1
0,1,0,-1
0,9,26,1
0,10,32,-1
0,8,9,1
0,2,11,1
0,1,12,-1
0,8,21,-1
0,5,31,-1
0,8,1,-1
0,2,1,-1
0,1,4,-1
0,1,2,-1
2,9,6,1
2,1,3,1
2,8,2,1
2,1,27,-1
2,10,15,1
2,10,4,1
2,1,4,-1
2,6,3,1
2,6,2,-1
2,1,4,-1
2,1,3,-1
2,4,2,1
2,10,9,0
2,10,6,1
2,2,3,-1
2,5,4,-1
2,1,3,-1
2,1,1,-1
2,6,36,-1
2,7,0,-1
2,1,7,-1
2,1,2,-1
2,3,3,-1
2,10,26,1
2,9,36,1
2,10,7,1
2,10,8,1
2,10,5,1
2,1,2,-1
2,5,11,-1
2,10,17,1
2,1,8,-1
2,1,3,-1
2,1,0,-1
2,1,3,-1
2,1,8,-1
2,1,7,-1
2,4,3,-1
2,1,3,-1
2,1,1,0
2,10,8,0
2,1,0,-1
2,5,1,-1
2,10,5,1
2,7,2,0
2,4,2,-1
2,3,1,-1
2,7,6,0
2,10,7,1
2,1,4,-1
2,1,4,-1
2,10,3,1
2,8,4,-1
2,5,0,-1
2,10,6,1
2,2,0,-1
2,10,5,1
2,8,8,1
2,10,10,1
2,10,7,1
2,1,1,-1
2,5,16,-1
2,3,2,-1
2,1,8,-1
2,10,9,1
2,2,1,-1
2,8,61,0
2,1,16,0
2,1,4,-1
2,5,5,-1
2,4,7,-1
2,1,0,-1
2,8,16,1
2,1,13,1
2,9,3,1
2,9,42,1
2,2,4,-1
2,2,3,-1
2,9,6,1
2,5,0,-1
2,8,0,1
2,9,11,1
2,9,2,0
2,3,5,-1
2,8,20,0
2,6,1,1
2,3,20,-1
2,9,7,-1
2,9,17,-1
2,2,8,-1
2,9,16,-1
2,10,11,1
2,9,2,-1
2,1,2,-1
2,1,2,-1
2,1,6,-1
2,2,4,-1
2,7,10,1
2,2,18,-1
2,6,1,-1
2,10,41,0
2,10,6,-1
2,8,43,-1
2,5,12,1
2,10,2,1
2,1,0,-1
2,1,0,-1
2,7,0,1
2,1,0,-1
2,8,5,1
2,8,7,1
2,1,0,-1
2,8,6,-1
2,2,3,-1
2,10,1,1
2,2,2,1
2,3,35,-1
2,8,1,1
2,4,8,-1
2,10,30,1
2,3,1,-1
2,1,4,0
2,9,6,0
2,10,4,1
2,1,2,-1
2,1,4,-1
2,8,0,1
2,1,2,-1
2,6,6,-1
2,8,0,1
2,5,3,-1
2,10,13,1
2,7,4,1
2,10,14,1
2,9,1,1
2,1,10,-1
2,10,40,1
2,6,24,-1
2,10,14,1
2,10,0,1
2,8,19,1
2,1,8,-1
2,9,46,1
2,7,24,-1
2,7,4,0
2,2,10,-1
2,6,0,-1
2,3,5,-1
2,1,15,1
2,6,1,1
2,8,15,1
2,9,2,1
2,10,10,-1
2,10,13,1
2,2,6,-1
2,9,4,1
2,9,12,0
2,3,0,-1
2,6,4,-1
2,10,48,1
2,9,13,1
2,1,1,0
2,10,30,-1
2,1,0,-1
2,10,7,1
2,9,2,1
2,9,25,1
2,3,1,-1
2,9,19,1
2,1,6,-1
2,2,3,-1
2,3,9,-1
2,9,35,1
2,2,0,-1
2,6,4,-1
2,3,3,-1
2,9,11,1
2,3,3,-1
2,8,0,0
2,1,4,-1
2,10,17,-1
2,1,3,1
2,9,4,1
2,3,9,-1
2,9,7,1
2,9,3,-1
2,1,2,-1
2,7,50,-1
2,10,1,1
2,1,0,-1
2,5,3,1
2,5,9,-1
2,1,0,-1
2,3,3,1
2,8,7,-1
2,10,14,1
2,9,13,0
2,1,0,-1
2,10,5,1
2,8,13,-1
2,8,2,1
2,9,1,0
2,6,4,1
2,1,9,-1
2,9,6,1
2,10,10,1
2,9,1,1
2,10,1,1
2,1,0,-1
2,4,0,-1
2,2,4,-1
2,2,0,-1
2,5,20,0
2,9,5,1
2,9,3,1
2,6,3,-1
2,1,4,-1
2,1,3,-1
2,10,3,1
2,1,4,-1
2,7,3,1
2,1,4,-1
2,1,3,-1
2,10,11,1
2,1,0,-1
2,10,5,1
2,1,4,-1
2,5,3,-1
2,1,10,-1
2,4,9,-1
2,10,13,1
2,10,34,1
2,5,1,-1
2,4,0,0
2,8,4,-1
2,8,3,-1
2,10,0,-1
2,3,0,-1
2,3,3,-1
2,3,10,-1
2,6,9,-1
2,2,2,-1
2,10,36,1
2,10,3,1
2,10,4,1
2,4,2,-1
2,10,4,1
2,6,0,-1
2,3,2,-1
2,1,5,-1
2,8,8,0
2,9,4,1
2,9,19,0
2,10,12,1
2,10,7,1
2,7,16,1
2,9,4,1
2,2,3,-1
2,10,3,1
2,10,11,-1
2,8,6,0
2,7,9,1
2,4,8,1
2,10,17,1
2,10,10,0
2,5,2,-1
2,8,7,0
2,10,17,1
2,7,0,-1
2,9,5,1
2,4,8,-1
2,9,33,-1
2,8,2,1
2,2,5,-1
2,9,17,1
2,9,19,1
2,4,3,0
2,1,3,-1
2,7,2,1
2,10,17,1
2,8,2,-1
2,7,2,-1
2,7,2,1
2,10,7,1
2,8,8,1
2,10,0,1
2,4,4,-1
2,2,5,-1
2,9,0,-1
2,10,3,1
2,7,5,0
2,1,2,-1
2,8,5,1
2,7,4,-1
2,1,1,-1
2,10,120,1
2,7,3,-1
2,1,5,-1
2,2,7,-1
2,10,14,0
2,1,8,-1
2,10,10,1
2,10,15,1
2,8,23,0
2,2,0,-1
2,10,9,0
2,8,5,0
2,4,14,-1
2,10,6,1
2,1,1,-1
2,8,5,1
2,1,2,-1
2,1,31,-1
2,9,0,1
2,3,2,-1
2,1,0,-1
2,1,1,-1
2,1,1,-1
2,6,28,-1
2,7,18,0
2,9,0,1
2,1,7,-1
2,1,0,-1
2,1,4,1
2,9,12,1
2,5,3,-1
2,1,2,-1
2,10,5,1
2,5,10,0
2,10,16,1
2,8,6,1
2,8,5,1
2,9,22,0
2,10,14,1
2,9,2,1
2,9,3,1
2,2,2,1
2,6,2,1
2,10,6,0
2,8,37,1
2,1,16,-1
2,3,4,1
2,5,9,-1
2,9,15,-1
2,5,5,-1
2,2,7,-1
2,10,10,1
2,6,6,0
2,1,9,-1
2,4,8,-1
2,9,3,-1
2,9,100,-1
2,9,3,1
2,10,13,1
2,9,21,1
2,5,3,-1
2,5,1,-1
2,3,3,-1
2,10,36,-1
2,9,0,1
2,1,1,-1
2,10,5,1
2,2,4,-1
2,3,9,-1
2,1,25,-1
2,4,6,-1
2,10,8,-1
2,10,5,1
2,3,2,-1
2,8,7,-1
2,3,1,1
2,2,4,-1
2,1,8,-1
2,10,7,1
2,3,0,-1
2,1,4,-1
2,10,6,1
2,7,9,-1
2,4,9,-1
2,1,5,-1
2,10,24,1
2,9,20,1
2,8,7,1
2,8,21,0
2,8,16,1
2,9,0,1
2,5,7,1
2,5,7,-1
2,1,8,-1
2,9,48,1
2,10,3,1
2,3,1,-1
2,1,2,0
2,9,3,1
2,1,0,-1
2,3,1,-1
2,1,9,-1
2,3,4,-1
2,1,3,-1
2,1,1,0
2,10,0,1
2,4,2,-1
2,8,1,1
2,6,1,1
2,7,43,0
2,2,3,-1
2,8,0,1
2,10,4,1
2,9,11,1
2,9,17,1
2,1,6,-1
2,10,5,1
2,3,1,-1
2,3,4,-1
2,1,2,0
2,3,4,-1
2,2,7,-1
2,8,1,1
2,3,1,-1
2,7,6,1
2,1,19,-1
2,8,2,0
2,1,2,-1
2,9,4,1
2,1,0,-1
2,3,1,-1
2,2,3,0
2,9,4,1
2,10,2,1
2,5,20,-1
2,4,22,1
2,7,4,0
2,1,11,-1
2,1,5,-1
2,9,4,1
2,4,2,-1
2,2,5,-1
2,1,4,-1
2,2,10,0
2,1,4,-1
2,10,58,1
2,9,8,0
2,1,2,-1
2,7,10,1
2,1,5,-1
2,3,7,0
2,7,1,-1
2,6,3,1
2,10,15,1
2,10,9,-1
2,1,5,-1
2,3,1,-1
2,5,3,-1
2,10,15,1
2,1,4,-1
2,1,5,-1
2,9,12,0
2,9,31,1
2,8,13,-1
2,9,3,0
2,6,5,1
2,3,16,-1
2,1,0,-1
2,10,3,1
2,3,4,1
2,10,137,1
2,7,18,1
2,8,21,1
2,10,7,1
2,8,117,-1
2,10,1,1
2,9,7,1
2,1,7,-1
2,3,0,-1
2,1,6,-1
2,9,8,1
2,5,26,-1
2,3,4,-1
2,1,3,-1
2,2,0,-1
2,1,2,0
2,9,39,1
2,1,5,-1
2,9,25,-1
2,9,15,1
2,8,0,1
2,8,6,0
2,2,6,-1
2,5,5,-1
2,1,3,-1
2,10,4,1
2,9,0,0
2,9,2,0
2,3,1,-1
2,1,1,-1
2,10,8,1
2,3,8,-1
2,1,4,-1
2,1,7,-1
2,1,15,-1
2,10,30,0
2,10,6,1
2,3,6,-1
2,10,3,1
2,3,7,1
2,8,10,1
2,2,5,-1
2,2,23,-1
2,10,11,1
2,10,8,1
2,8,23,1
2,4,2,1
2,1,4,-1
2,1,14,-1
2,7,17,1
2,7,4,-1
2,9,10,-1
2,1,1,-1
2,3,11,-1
2,10,3,1
2,5,3,1
2,2,10,-1
2,2,10,-1
2,8,7,0
2,5,14,-1
2,10,5,1
2,8,1,1
2,1,3,-1
2,10,0,1
2,2,3,-1
2,5,3,0
2,10,18,1
2,3,6,-1
2,10,6,1
2,8,5,-1
2,8,6,1
2,1,9,-1
2,1,0,-1
2,2,5,-1
2,9,3,1
2,2,2,-1
2,9,11,1
2,1,3,-1
2,3,4,-1
2,5,0,0
2,4,7,-1
2,8,4,0
2,1,5,-1
2,2,0,-1
2,5,9,-1
2,3,4,-1
2,3,0,1
2,5,2,-1
2,5,0,-1
2,2,2,-1
2,6,8,-1
2,10,1,1
2,2,2,-1
2,1,12,-1
2,1,4,-1
2,1,2,-1
2,10,161,1
2,1,6,-1
2,3,2,-1
2,10,0,1
2,3,13,-1
2,10,13,1
2,8,2,0
2,5,9,-1
2,2,11,-1
2,2,4,-1
2,1,5,-1
2,8,4,1
2,9,7,1
2,7,2,1
2,2,1,-1
2,1,2,-1
2,9,2,1
2,6,1,-1
2,7,0,1
2,9,7,0
2,2,5,-1
2,8,5,0
2,10,24,1
2,6,2,-1
2,9,4,1
2,1,3,-1
2,1,4,-1
2,5,2,-1
2,1,4,0
2,2,4,-1
2,6,2,-1
2,8,15,1
2,3,4,-1
2,8,40,1
2,6,0,1
2,1,10,-1
2,6,5,-1
2,2,16,-1
2,5,8,0
2,9,10,1
2,7,2,1
2,8,4,0
2,9,12,1
2,9,14,-1
2,1,8,-1
2,8,11,1
2,10,22,1
2,10,6,0
2,4,5,-1
2,3,2,-1
2,9,31,1
2,5,0,0
2,8,3,-1
2,10,5,1
2,10,20,1
2,1,2,-1
2,8,9,0
2,2,6,-1
2,9,11,1
2,9,5,1
2,6,2,-1
2,1,3,-1
2,8,5,0
2,2,9,-1
2,10,6,0
2,3,2,-1
2,1,25,-1
2,1,10,-1
2,1,6,-1
2,10,7,1
2,8,20,-1
2,3,4,1
2,10,3,1
2,6,1,1
2,4,3,1
2,7,3,0
2,1,2,-1
2,10,6,1
2,9,2,0
2,8,1,1
2,8,9,1
2,8,4,1
2,1,0,-1
2,10,2,1
2,1,3,0
2,4,12,0
2,5,2,0
2,9,4,0
2,9,1,1
2,1,6,-1
2,9,13,1
2,2,3,-1
2,7,9,0
2,2,8,-1
2,7,2,0
2,1,0,-1
2,9,24,1
2,8,33,-1
2,7,2,-1
2,1,2,1
2,1,1,-1
2,10,0,1
2,3,6,1
2,10,10,1
2,1,0,-1
2,6,4,1
2,9,2,1
2,4,3,-1
2,4,2,-1
2,10,16,1
2,8,6,1
2,8,6,0
2,10,9,-1
2,1,9,-1
2,10,13,1
2,1,2,-1
2,6,4,-1
2,10,14,1
2,10,10,1
2,10,46,1
2,1,5,-1
2,2,14,-1
2,10,7,1
2,9,10,1
2,10,4,0
2,1,20,-1
2,1,7,-1
2,6,6,-1
2,1,1,-1
2,5,1,-1
2,9,1,1
2,4,1,-1
2,1,3,-1
2,1,8,-1
2,4,7,0
2,2,19,0
2,3,9,-1
2,1,3,-1
2,1,1,-1
2,2,4,1
2,1,3,-1
2,8,30,0
2,2,4,-1
2,9,1,1
2,8,7,1
2,5,4,1
2,9,8,1
2,9,7,1
2,5,1,-1
2,1,0,-1
2,7,1,1
2,1,2,-1
2,2,3,-1
2,6,8,0
2,7,1,-1
2,5,16,-1
2,2,0,-1
2,9,61,1
2,1,2,-1
2,8,8,1
2,5,15,1
2,4,2,-1
2,1,4,-1
2,5,2,0
2,10,3,1
2,9,2,1
2,10,8,1
2,9,4,1
2,10,5,1
2,1,6,0
2,3,3,-1
2,9,2,1
2,9,13,1
2,1,4,-1
2,7,40,1
2,3,4,1
2,1,5,-1
2,4,0,-1
2,9,5,1
2,1,3,-1
2,1,6,-1
2,1,3,-1
2,7,6,0
2,10,12,1
2,8,21,1
2,1,11,-1
2,1,0,-1
2,10,4,1
2,7,10,-1
2,1,1,-1
2,10,13,1
2,7,13,1
2,8,21,1
2,5,3,-1
2,2,2,1
2,10,8,1
2,9,8,0
2,5,2,-1
2,4,3,0
2,10,10,0
2,6,13,-1
2,7,2,1
2,10,1,-1
2,3,4,-1
2,1,1,-1
2,7,2,-1
2,1,1,-1
2,2,1,-1
2,8,6,1
2,1,2,-1
2,7,5,-1
2,10,9,1
2,5,12,-1
2,7,14,1
2,7,1,-1
2,2,3,0
2,3,14,-1
2,10,2,0
2,2,6,-1
2,10,5,1
2,5,3,-1
2,1,4,-1
2,1,15,-1
2,2,2,-1
2,10,5,1
2,5,4,0
2,9,8,0
2,1,10,-1
2,9,16,1
2,9,15,1
2,9,10,0
2,10,4,1
2,8,2,1
2,1,4,-1
2,2,2,-1
2,2,2,-1
2,5,0,1
2,3,3,-1
2,9,1,0
2,2,9,1
2,4,10,-1
2,10,0,1
2,10,7,0
2,2,17,-1
2,5,3,1
2,1,6,-1
2,7,24,1
2,4,14,-1
2,2,4,-1
2,10,2,-1
2,6,2,-1
2,9,5,-1
2,10,74,1
2,8,7,1
2,9,5,1
2,1,5,-1
2,9,13,1
2,1,6,1
2,2,0,-1
2,10,10,1
2,9,32,1
2,10,6,1
2,2,4,-1
2,10,60,1
2,10,8,1
2,1,0,-1
2,7,0,1
2,4,29,1
2,7,4,1
2,8,10,1
2,1,7,-1
2,3,2,-1
2,1,2,-1
2,10,17,-1
2,2,1,-1
2,10,29,1
2,8,0,-1
2,2,4,-1
2,9,22,1
2,9,3,0
2,3,28,-1
2,1,9,-1
2,1,2,-1
2,8,8,1
2,5,2,-1
2,7,1,1
2,4,2,-1
2,5,4,-1
2,3,3,-1
2,7,4,-1
2,9,11,1
2,9,45,1
2,10,1,1
2,5,7,-1
2,1,2,-1
2,9,2,1
2,5,4,-1
2,1,6,-1
2,10,46,0
2,8,6,1
2,5,6,-1
2,9,5,1
2,2,7,-1
2,1,2,-1
2,7,4,-1
2,8,20,0
2,7,4,1
2,2,4,0
2,1,16,-1
2,10,8,1
2,10,8,1
2,10,5,1
2,10,3,1
2,5,4,-1
2,3,4,-1
2,10,7,1
2,9,8,-1
2,9,2,1
2,1,11,-1
2,3,0,-1
2,10,0,-1
2,2,0,-1
2,8,26,0
2,5,1,0
2,10,8,-1
2,10,1,1
2,9,22,1
2,1,5,-1
2,10,16,1
2,7,9,-1
2,9,4,1
2,9,4,1
2,9,8,1
2,5,3,-1
2,2,8,-1
2,6,3,1
2,9,8,1
2,5,6,-1
2,10,13,1
2,7,8,-1
2,9,18,1
2,6,1,-1
2,7,3,1
2,10,9,1
2,10,13,1
2,4,0,-1
2,9,2,1
2,4,19,1
2,10,3,1
2,2,3,-1
2,2,2,1
2,2,7,-1
2,10,11,1
2,3,2,1
2,10,23,-1
2,1,3,-1
2,3,3,-1
2,9,9,1
2,10,1,0
2,6,6,-1
2,1,2,-1
2,10,11,-1
2,3,6,0
2,7,1,1
2,1,7,-1
2,8,21,1
2,10,6,1
2,8,9,1
2,10,12,1
2,8,0,-1
2,1,21,-1
2,1,1,-1
2,7,11,0
2,6,9,-1
2,3,9,-1
2,5,1,-1
2,10,3,1
2,7,0,-1
2,9,5,1
2,6,4,-1
2,9,0,-1
2,6,6,1
2,7,3,1
2,9,24,1
2,1,5,0
2,5,0,0
2,10,44,1
2,6,11,-1
2,10,40,1
2,2,4,-1
2,5,2,-1
2,2,3,-1
2,2,4,-1
2,10,3,-1
2,9,2,1
2,10,8,1
2,9,16,1
2,1,7,-1
2,7,2,-1
2,10,18,0
2,1,1,0
2,1,5,-1
2,5,2,0
2,1,0,-1
2,2,3,-1
2,1,0,-1
2,10,19,1
2,4,4,1
2,2,16,-1
2,1,20,-1
2,10,13,1
2,10,8,1
2,2,18,-1
2,2,12,-1
2,1,1,-1
2,5,0,1
2,3,4,-1
2,1,33,-1
2,9,10,-1
2,1,1,0
2,10,15,1
2,8,8,0
2,6,3,-1
2,8,14,1
2,5,3,0
2,1,0,-1
2,7,3,0
2,2,2,0
2,4,2,-1
2,7,11,1
2,2,25,-1
2,3,0,1
2,5,2,-1
2,8,6,1
2,3,4,0
2,1,3,-1
2,9,14,1
2,1,3,0
2,6,11,-1
2,4,4,0
2,2,5,1
2,6,2,-1
2,2,8,-1
2,5,0,-1
2,1,0,1
2,2,16,-1
2,9,18,1
2,9,19,1
2,3,17,-1
2,5,4,-1
2,3,32,-1
2,1,6,-1
2,1,8,-1
2,8,4,1
2,3,7,-1
2,5,6,-1
2,9,4,0
2,2,7,-1
2,1,5,0
2,7,6,-1
2,9,4,1
2,3,7,-1
2,3,8,-1
2,10,7,1
2,7,6,-1
2,1,2,-1
2,10,0,-1
2,1,0,-1
2,5,8,1
2,9,13,1
2,8,22,-1
2,1,15,-1
2,2,6,-1
2,9,10,1
2,8,0,1
2,3,6,-1
2,9,0,1
2,2,15,-1
2,10,21,1
2,10,4,1
2,3,5,-1
2,8,2,1
2,4,0,-1
2,7,16,-1
2,2,7,0
2,10,2,0
2,1,9,-1
2,8,19,-1
2,2,1,-1
2,9,11,1
2,5,3,-1
2,3,12,-1
2,1,15,-1
2,10,0,1
2,10,4,1
2,5,1,1
2,9,5,1
2,6,7,-1
2,8,15,1
2,2,2,-1
2,8,24,1
2,8,12,0
2,3,2,-1
2,1,6,-1
2,2,4,0
2,10,11,1
2,2,3,0
2,10,3,1
2,7,2,1
2,1,9,-1
2,8,8,0
2,9,5,1
2,9,6,1
2,10,12,1
2,9,5,1
2,2,10,-1
2,10,0,0
2,6,15,0
2,4,3,1
2,5,0,-1
2,2,4,-1
2,1,6,-1
2,10,8,1
2,1,0,-1
2,3,3,-1
2,10,0,1
2,8,3,1
2,10,10,1
2,8,178,1
2,10,11,1
2,8,3,0
2,1,4,-1
2,1,3,-1
2,1,5,-1
2,9,2,-1
2,1,9,-1
2,4,5,-1
2,5,9,-1
2,9,7,1
2,1,12,-1
2,2,5,-1
2,8,237,-1
2,3,1,-1
2,6,3,0
2,9,24,1
2,10,3,1
2,4,14,-1
2,9,33,1
2,10,11,1
2,5,16,-1
2,3,0,-1
2,10,3,1
2,2,5,0
2,10,11,1
2,10,1,1
2,5,4,1
2,10,4,1
2,6,20,-1
2,1,3,-1
2,5,5,-1
2,8,7,0
2,3,4,-1
2,10,55,1
2,8,9,1
2,4,2,-1
2,4,3,0
2,4,1,-1
2,10,13,1
2,1,7,-1
2,10,33,1
2,10,142,1
2,10,34,1
2,10,1,1
2,9,4,-1
2,1,4,-1
2,1,6,-1
2,1,10,-1
2,3,2,-1
2,9,16,0
2,1,4,-1
2,7,2,0
2,10,6,1
2,7,3,0
2,1,11,-1
2,1,4,1
2,9,6,1
2,1,4,-1
2,7,1,0
2,6,19,-1
2,10,47,1
2,5,1,1
2,10,4,-1
2,10,11,0
2,1,2,-1
2,9,2,1
2,10,7,1
2,1,3,-1
2,9,23,-1
2,1,12,-1
2,3,0,-1
2,2,12,-1
2,7,3,0
2,9,4,1
2,2,1,-1
2,6,1,-1
2,3,13,-1
2,10,3,-1
2,10,3,1
2,7,3,0
2,9,10,1
2,1,6,-1
2,4,4,0
2,9,9,1
2,1,11,-1
2,9,4,0
2,7,4,1
2,9,9,-1
2,6,4,-1
2,4,0,-1
2,9,6,0
2,8,9,1
2,3,2,1
2,9,3,0
2,1,6,-1
2,9,0,1
2,2,4,-1
2,1,1,-1
2,5,2,-1
2,2,4,0
2,1,4,-1
2,1,1,-1
2,10,28,1
2,2,7,0
2,8,18,1
2,3,3,-1
2,6,10,1
2,4,16,-1
2,1,2,-1
2,9,9,-1
2,5,19,0
2,7,5,0
2,10,3,0
2,3,0,-1
2,2,0,-1
2,7,6,1
2,10,4,1
2,7,1,-1
2,9,6,1
2,8,4,1
2,9,8,0
2,8,5,-1
2,2,0,1
2,1,2,-1
2,7,11,0
2,9,19,1
2,2,8,-1
2,3,6,1
2,3,6,-1
2,6,7,-1
2,8,20,-1
2,8,1,1
2,1,24,-1
2,10,10,1
2,1,3,0
2,7,32,0
2,10,3,1
2,5,1,0
2,2,8,-1
2,6,9,1
2,9,3,1
2,4,2,-1
2,6,8,-1
2,7,4,-1
2,1,12,-1
2,1,1,-1
2,1,10,-1
2,10,6,-1
2,7,1,-1
2,1,12,1
2,9,2,0
2,2,20,-1
2,1,8,-1
2,1,5,-1
2,1,16,-1
2,7,9,-1
2,10,12,0
2,9,0,0
2,10,46,0
2,7,10,1
2,3,5,-1
2,2,2,-1
2,1,6,1
2,6,7,-1
2,7,5,-1
2,6,12,0
2,3,13,-1
2,7,6,0
2,10,2,1
2,8,3,0
2,4,11,1
2,10,17,1
2,9,2,0
2,9,31,1
2,1,5,-1
2,1,23,-1
2,1,1,-1
2,2,2,-1
2,2,7,-1
2,3,6,-1
2,8,1,1
2,10,0,1
2,7,0,0
2,8,19,-1
2,5,12,-1
2,9,6,1
2,2,16,-1
2,1,0,-1
2,5,12,-1
2,8,7,-1
2,9,1,1
2,6,4,-1
2,8,11,1
2,3,11,-1
2,10,9,1
2,1,2,-1
2,4,1,-1
2,9,3,1
2,3,14,-1
2,9,5,1
2,10,12,0
2,5,1,0
2,2,8,-1
2,5,3,1
2,1,2,-1
2,1,4,-1
2,7,5,0
2,2,3,-1
2,10,5,1
2,2,1,-1
2,10,13,1
2,10,11,1
2,2,1,-1
2,1,3,-1
2,2,4,1
2,10,20,1
2,7,9,1
2,10,0,1
2,1,9,-1
2,10,2,1
2,9,3,0
2,7,8,1
2,9,16,0
2,9,2,0
2,9,9,1
2,8,8,1
2,8,12,-1
2,8,0,0
2,5,6,1
2,5,1,1
2,2,5,-1
2,8,0,0
2,10,2,1
2,9,11,1
2,6,5,0
2,2,4,-1
2,10,13,1
2,9,23,1
2,1,5,-1
2,10,20,1
2,1,2,-1
2,8,10,1
2,10,12,-1
2,9,13,1
2,1,1,-1
2,6,41,-1
2,5,11,1
2,10,18,1
2,8,5,0
2,10,5,1
2,8,5,1
2,5,22,0
2,7,10,1
2,5,4,0
2,5,65,0
2,7,24,-1
2,8,0,1
2,10,0,1
2,4,0,0
2,1,1,-1
2,7,9,-1
2,10,5,-1
2,5,4,0
2,1,8,-1
2,4,17,-1
2,10,6,1
2,4,2,-1
2,1,6,-1
2,7,3,-1
2,1,2,-1
2,8,11,-1
2,1,24,-1
2,1,7,-1
2,8,8,0
2,7,13,-1
2,8,0,-1
2,1,14,-1
2,4,12,-1
2,1,13,-1
2,5,1,-1
2,9,7,1
2,10,3,-1
2,9,15,1
2,9,2,1
2,1,9,-1
2,9,39,0
2,10,18,1
2,9,12,1
2,8,10,1
2,5,5,-1
2,1,2,-1
2,5,6,-1
2,3,7,-1
2,2,5,-1
2,10,1,1
2,9,11,1
2,1,8,-1
2,1,2,-1
2,4,0,0
2,10,3,1
2,3,1,1
2,10,20,1
2,9,10,1
2,4,2,-1
2,10,12,1
2,8,3,0
2,9,42,-1
2,1,4,-1
2,10,14,1
2,2,3,-1
2,7,14,1
2,10,16,1
2,1,26,-1
2,8,2,1
2,6,4,-1
2,8,3,1
2,9,27,1
2,6,2,0
2,2,5,-1
2,2,4,1
2,4,6,0
2,9,10,1
2,10,5,1
2,8,13,-1
2,10,10,1
2,10,5,0
2,3,10,-1
2,1,2,-1
2,3,1,-1
2,4,9,1
2,10,10,1
2,7,4,-1
2,10,9,1
2,4,55,-1
2,3,2,-1
2,7,7,-1
2,5,5,-1
2,9,7,-1
2,10,9,-1
2,7,5,-1
2,10,8,1
2,1,1,1
2,5,1,-1
2,4,3,1
2,3,6,0
2,7,1,1
2,2,6,-1
2,9,3,1
2,7,4,-1
2,5,3,-1
2,10,0,0
2,9,14,1
2,9,4,1
2,10,23,0
2,7,5,0
2,2,0,-1
2,1,4,-1
2,3,3,-1
2,3,0,-1
2,9,3,1
2,1,8,-1
2,10,8,1
2,5,4,1
2,10,20,1
2,2,1,0
2,9,10,1
2,8,4,-1
2,8,7,1
2,5,3,-1
2,10,16,1
2,2,4,-1
2,10,22,0
2,7,17,-1
2,10,2,1
2,9,0,-1
2,1,0,0
2,2,14,-1
2,9,5,1
2,8,9,1
2,10,21,1
2,1,1,-1
2,10,7,0
2,5,0,-1
2,8,10,0
2,4,1,-1
2,9,5,0
2,5,4,0
2,9,9,0
2,8,2,1
2,1,2,0
2,9,10,-1
2,7,6,-1
2,1,5,1
2,2,3,-1
2,8,3,0
2,1,2,-1
2,8,0,1
2,4,22,1
2,7,8,-1
2,10,6,1
2,9,12,1
2,1,4,-1
2,10,3,1
2,8,12,1
2,1,6,-1
2,4,7,-1
2,9,12,1
2,9,4,1
2,1,1,-1
2,2,14,-1
2,9,5,1
2,1,2,-1
2,7,0,0
2,8,6,1
2,9,1,1
2,5,5,-1
2,6,2,-1
2,8,9,-1
2,9,1,1
2,1,18,-1
2,9,6,1
2,7,6,-1
2,10,17,0
2,2,0,-1
2,1,7,-1
2,9,52,1
2,10,13,1
2,2,9,-1
2,8,4,1
2,5,10,-1
2,4,16,0
2,10,0,0
2,10,19,1
2,1,13,-1
2,10,8,1
2,8,7,-1
2,2,2,-1
2,8,4,1
2,1,0,1
2,3,13,-1
2,9,14,-1
2,7,6,-1
2,7,12,0
2,10,17,1
2,8,4,-1
2,9,7,1
2,1,4,-1
2,7,7,1
2,2,4,-1
2,6,18,-1
2,7,3,-1
2,6,4,1
2,6,6,-1
2,6,54,1
2,2,0,-1
2,4,2,-1
2,9,17,1
2,10,10,1
2,4,1,0
2,1,5,-1
2,1,2,-1
2,3,0,-1
2,3,2,-1
2,6,6,-1
2,2,2,-1
2,6,1,1
2,1,2,-1
2,10,14,0
2,1,6,-1
2,1,5,-1
2,9,11,1
2,9,4,1
2,1,0,-1
2,2,4,-1
2,10,9,1
2,10,11,1
2,1,6,-1
2,10,19,1
2,2,5,-1
2,1,9,-1
2,9,4,0
2,1,23,-1
2,8,0,1
2,2,4,-1
2,9,16,1
2,8,3,0
2,6,11,0
2,1,3,-1
2,9,4,-1
2,9,5,1
2,8,3,1
2,8,2,-1
2,10,2,1
2,1,1,1
2,10,9,1
2,2,10,-1
2,7,7,1
2,7,10,1
2,9,15,1
2,3,0,1
2,8,1,1
2,4,5,0
2,8,5,1
2,8,18,1
2,4,20,-1
2,1,2,-1
2,2,6,1
2,5,3,-1
2,10,1,1
2,8,12,-1
2,10,6,-1
2,2,0,-1
2,1,4,-1
2,1,19,-1
2,7,3,-1
2,7,16,0
2,10,5,1
2,4,2,-1
2,2,0,-1
2,4,15,-1
2,2,1,0
2,5,5,1
2,10,13,1
2,7,15,0
2,1,5,-1
2,10,9,1
2,9,34,1
2,1,4,-1
2,1,5,-1
2,9,26,0
2,9,2,1
2,1,2,-1
2,8,18,-1
2,10,17,1
2,8,2,0
2,5,13,-1
2,1,2,-1
2,3,3,-1
2,2,1,-1
2,6,3,1
2,8,9,-1
2,2,7,-1
2,8,2,0
2,5,1,-1
2,8,8,1
2,3,1,-1
2,4,9,-1
2,8,2,1
2,1,4,-1
2,9,3,1
2,9,32,1
2,10,6,1
2,10,4,1
2,6,0,-1
2,7,7,0
2,10,0,1
2,9,4,-1
2,8,4,0
2,9,11,0
2,7,4,-1
2,9,6,1
2,6,9,0
2,1,2,-1
2,1,2,-1
2,1,8,-1
2,8,10,1
2,8,5,1
2,9,5,1
2,9,2,-1
2,8,1,1
2,1,3,-1
2,1,6,-1
2,6,10,-1
2,1,44,-1
2,9,27,1
2,6,15,1
2,3,16,-1
2,10,5,1
2,10,11,1
2,5,18,-1
2,8,0,1
2,1,1,-1
2,4,9,-1
2,3,2,-1
2,7,4,-1
2,10,2,0
2,2,19,-1
2,2,2,-1
2,9,5,-1
2,4,0,-1
2,5,2,-1
2,1,0,-1
2,2,1,-1
2,4,6,0
2,9,1,0
2,10,9,1
2,9,1,1
2,9,0,1
2,5,6,-1
2,9,11,1
2,4,1,0
2,4,2,-1
2,9,0,1
2,2,0,-1
2,8,1,0
2,1,5,-1
2,1,0,-1
2,3,31,-1
2,5,8,0
2,9,11,1
2,10,15,1
2,1,3,-1
2,1,6,-1
2,4,1,-1
2,4,2,-1
2,3,4,-1
2,9,13,-1
2,2,2,-1
2,10,59,0
2,4,2,-1
2,1,6,-1
2,1,4,-1
2,8,5,0
2,9,11,1
2,5,0,-1
2,1,3,1
2,7,2,0
2,10,1,1
2,10,41,1
2,2,18,0
2,2,3,1
2,10,2,1
2,1,2,-1
2,4,1,1
2,10,10,1
2,2,1,-1
2,9,6,1
2,9,7,1
2,5,0,-1
2,6,0,0
2,10,5,1
2,8,3,1
2,10,4,1
2,9,13,1
2,10,27,1
2,10,14,1
2,8,11,0
2,3,1,0
2,1,2,-1
2,10,1,1
2,2,7,-1
2,9,10,1
2,5,0,-1
2,2,9,-1
2,4,2,0
2,5,13,-1
2,5,6,-1
2,1,0,-1
2,1,29,-1
2,10,28,1
2,9,9,1
2,2,6,-1
2,2,3,-1
2,1,2,-1
2,8,7,0
2,3,4,-1
2,1,6,-1
2,10,2,1
2,1,1,-1
2,9,8,1
2,10,29,1
2,2,4,-1
2,10,20,0
2,6,1,-1
2,10,1,1
2,4,1,1
2,10,3,1
2,9,9,1
2,10,8,1
2,1,1,-1
2,1,3,-1
2,5,12,-1
2,10,6,1
2,1,0,-1
2,5,4,0
2,9,0,0
2,3,4,-1
2,10,5,1
2,5,4,1
2,10,2,1
2,7,7,0
2,3,3,-1
2,2,3,-1
2,9,4,1
2,2,5,-1
2,8,4,0
2,8,11,0
2,8,8,-1
2,3,4,-1
2,9,62,1
2,10,17,-1
2,10,20,1
2,2,4,-1
2,3,9,1
2,7,19,0
2,5,5,-1
2,4,2,0
2,1,7,-1
2,9,2,1
2,6,6,0
2,5,4,1
2,1,4,-1
2,4,0,0
2,1,4,-1
2,3,13,-1
2,8,3,-1
2,6,38,1
2,10,12,1
2,1,9,-1
2,1,2,-1
2,7,16,-1
2,1,5,-1
2,1,4,-1
2,1,2,-1
2,1,2,-1
2,10,6,1
2,10,3,1
2,3,3,-1
2,2,16,-1
2,9,1,1
2,5,3,-1
2,8,0,1
2,1,34,0
2,4,7,0
2,3,4,0
2,1,4,1
2,10,6,-1
2,1,26,-1
2,9,1,1
2,10,14,1
2,7,6,-1
2,1,2,-1
2,9,4,1
2,1,2,-1
2,1,2,-1
2,2,7,-1
2,3,1,-1
2,7,20,1
2,5,3,0
2,10,7,1
2,9,4,1
2,10,14,0
2,1,1,-1
2,1,5,-1
2,4,5,0
2,1,8,-1
2,1,2,-1
2,1,2,-1
2,1,9,-1
2,7,0,1
2,2,3,-1
2,1,1,-1
2,5,10,-1
2,2,0,-1
2,3,9,0
2,6,6,-1
2,10,16,1
2,2,2,-1
2,10,11,1
2,8,3,0
2,8,2,-1
2,9,35,1
2,4,1,-1
2,9,9,1
2,8,4,1
2,9,3,1
2,10,17,1
2,10,9,1
2,3,2,-1
2,10,1,1
2,4,2,-1
2,1,5,-1
2,8,6,0
2,10,14,1
2,8,5,1
2,9,1,1
2,9,8,1
2,3,0,0
2,8,4,-1
2,1,7,-1
2,1,6,-1
2,3,5,-1
2,1,1,-1
2,5,1,-1
2,9,19,1
2,7,11,-1
2,9,36,0
2,8,2,1
2,2,3,0
2,10,2,1
2,1,1,-1
2,1,10,-1
2,4,2,-1
2,4,1,-1
2,3,0,0
2,9,1,1
2,7,2,0
2,9,22,1
2,10,2,1
2,2,14,-1
2,1,5,1
2,1,1,-1
2,3,4,-1
2,4,5,-1
2,9,18,1
2,1,0,-1
2,5,20,-1
2,1,3,-1
2,2,15,-1
2,5,7,-1
2,3,20,-1
2,9,5,1
2,5,6,1
2,10,3,1
2,2,5,-1
2,2,12,-1
2,8,4,1
2,9,0,-1
2,1,7,-1
2,8,3,-1
2,1,1,-1
2,2,7,-1
2,1,3,-1
2,8,9,1
2,7,4,-1
2,10,0,1
2,9,13,-1
2,3,16,-1
2,1,1,-1
2,7,17,0
2,1,1,-1
2,10,0,-1
2,8,1,1
2,10,8,1
2,5,1,0
2,10,10,1
2,10,44,1
2,9,14,1
2,1,1,-1
2,10,5,1
2,9,25,1
2,6,4,-1
2,2,50,-1
2,7,11,1
2,2,4,-1
2,9,9,0
2,10,3,1
2,5,4,-1
2,8,9,1
2,5,17,-1
2,10,5,1
2,2,0,-1
2,9,1,0
2,8,6,-1
2,10,12,1
2,8,2,1
2,8,0,1
2,5,13,0
2,10,9,1
2,9,15,1
2,1,3,-1
2,1,18,-1
2,10,9,1
2,7,2,1
2,1,6,-1
2,4,0,-1
2,5,1,-1
2,10,4,1
2,9,6,1
2,3,11,-1
2,10,1,1
2,7,2,0
2,3,4,-1
2,10,9,-1
2,1,2,-1
2,10,6,1
2,1,1,-1
2,9,0,1
2,4,10,-1
2,9,7,1
2,7,2,-1
2,10,6,1
2,3,18,-1
2,8,8,1
2,3,10,1
2,1,11,-1
2,8,1,-1
2,2,1,-1
2,3,5,0
2,6,2,-1
2,9,20,0
2,10,40,1
2,10,32,1
2,7,1,-1
2,1,1,-1
2,8,6,0
2,3,4,-1
2,1,8,-1
2,10,13,1
2,9,10,1
2,10,14,-1
2,5,14,-1
2,10,11,1
2,7,2,-1
2,1,1,-1
2,9,4,0
2,5,4,-1
2,1,1,0
2,10,16,1
2,8,4,-1
2,8,16,1
2,6,13,1
2,10,9,1
2,8,12,1
2,10,11,1
2,6,12,1
2,9,37,1
2,2,1,-1
2,8,20,1
2,8,10,0
2,2,2,-1
2,4,2,0
2,2,1,-1
2,10,11,1
2,9,25,1
2,8,11,1
2,4,3,-1
2,6,12,1
2,1,1,-1
2,8,13,1
2,9,0,1
2,1,2,-1
2,1,10,-1
2,7,2,1
2,1,8,-1
2,1,5,-1
2,10,9,1
2,10,2,0
2,9,6,0
2,9,9,1
2,1,17,-1
2,5,10,-1
2,6,0,1
2,2,9,-1
2,7,3,1
2,1,3,-1
2,5,3,-1
2,1,2,1
2,7,2,1
2,1,10,-1
2,1,5,-1
2,1,3,0
2,3,5,-1
2,8,22,-1
2,1,8,-1
2,8,3,0
2,4,12,0
2,9,5,1
2,8,6,0
2,7,17,1
2,9,5,1
2,1,7,-1
2,3,3,0
2,1,4,-1
2,8,7,0
2,3,5,-1
2,9,12,1
2,4,10,-1
2,9,0,-1
2,5,2,-1
2,9,7,1
2,8,0,1
2,1,17,-1
2,1,2,-1
2,10,11,1
2,1,8,-1
2,1,3,0
2,2,0,-1
2,8,8,1
2,6,4,1
2,6,4,-1
2,10,10,0
2,10,24,1
2,1,13,-1
2,1,1,-1
2,8,10,-1
2,10,5,1
2,4,2,-1
2,10,4,1
2,10,28,1
2,9,7,1
2,6,16,1
2,8,1,1
2,1,19,-1
2,1,4,-1
2,3,0,0
2,2,1,0
2,10,4,1
2,3,7,-1
2,10,0,0
2,8,38,1
2,9,4,1
2,1,0,-1
2,10,37,-1
2,8,12,1
2,1,1,-1
2,2,3,-1
2,1,7,-1
2,1,14,-1
2,2,5,-1
2,1,1,-1
2,1,10,-1
2,10,7,1
2,1,2,-1
2,8,9,1
2,8,0,0
2,9,4,1
2,1,6,-1
2,10,10,-1
2,2,1,-1
2,8,2,-1
2,10,0,1
2,9,2,-1
2,3,2,-1
2,5,3,1
2,10,17,1
2,6,5,-1
2,1,1,-1
2,3,0,-1
2,2,3,-1
2,3,46,-1
2,1,2,-1
2,1,3,-1
2,8,11,1
2,1,6,-1
2,6,2,0
2,9,8,1
2,8,19,-1
2,1,4,0
2,10,11,1
2,10,6,1
2,3,2,-1
2,9,0,1
2,1,4,-1
2,10,80,0
2,7,7,1
2,8,3,0
2,8,7,1
2,8,10,1
2,3,3,-1
2,7,16,-1
2,2,2,-1
2,9,23,1
2,10,28,1
2,6,2,1
2,9,11,1
2,8,9,1
2,6,79,0
2,3,6,-1
2,10,2,1
2,4,14,-1
2,5,0,-1
2,5,2,-1
2,1,7,-1
2,1,3,-1
2,2,0,-1
2,5,2,-1
2,5,3,1
2,3,7,-1
2,3,6,-1
2,8,7,1
2,10,5,1
2,1,8,-1
2,2,7,-1
2,10,13,1
2,4,1,-1
2,1,9,-1
2,1,7,-1
2,10,7,1
2,9,0,-1
2,9,6,0
2,1,0,-1
2,1,5,-1
2,6,4,-1
2,3,3,-1
2,10,14,1
2,8,40,-1
2,1,4,-1
2,3,0,-1
2,3,5,-1
2,10,1,1
2,3,15,-1
2,9,23,1
2,1,6,-1
2,4,3,-1
2,10,9,1
2,1,0,-1
2,5,4,-1
2,7,6,-1
2,2,2,-1
2,6,0,-1
2,10,7,-1
2,5,1,-1
2,1,0,-1
2,8,6,1
2,6,1,1
2,10,17,1
2,3,1,0
2,10,10,1
2,5,1,-1
2,7,3,1
2,9,1,1
2,5,4,0
2,3,1,-1
2,2,15,-1
2,3,9,-1
2,6,22,1
2,5,2,-1
2,2,5,-1
2,4,4,-1
2,9,10,1
2,10,2,1
2,1,6,-1
2,10,5,0
2,10,1,1
2,9,0,0
2,4,4,-1
2,2,3,-1
2,2,6,0
2,4,5,-1
2,10,5,1
2,8,17,1
2,10,26,1
2,7,7,1
2,9,12,1
2,3,13,-1
2,10,15,1
2,9,0,0
2,10,6,1
2,7,9,0
2,5,1,0
2,5,5,1
2,1,6,-1
2,4,1,-1
2,2,7,-1
2,2,11,-1
2,2,0,-1
2,9,4,1
2,2,2,-1
2,9,5,1
2,2,30,1
2,10,1,-1
2,1,10,-1
2,1,2,-1
2,1,1,-1
2,8,69,0
2,1,4,0
2,3,3,-1
2,4,3,-1
2,2,3,0
2,6,12,0
2,8,0,0
2,1,9,1
2,10,1,1
2,1,3,-1
2,6,1,1
2,10,8,1
2,2,3,-1
2,1,7,-1
2,6,12,-1
2,10,6,1
2,5,6,-1
2,3,5,-1
2,10,1,-1
2,1,8,0
2,8,2,-1
2,1,8,-1
2,9,19,1
2,10,24,1
2,8,5,1
2,5,0,1
2,10,19,1
2,3,43,-1
2,3,19,1
2,4,9,-1
2,3,4,0
2,9,2,1
2,9,22,1
2,5,3,-1
2,2,5,-1
2,4,8,-1
2,7,13,0
2,2,0,-1
2,4,1,-1
2,5,6,-1
2,10,14,1
2,10,7,1
2,1,4,-1
2,5,10,-1
2,8,14,1
2,4,3,1
2,9,2,1
2,9,0,-1
2,8,9,1
2,10,2,1
2,9,20,1
2,7,0,1
2,5,2,1
2,10,2,1
2,7,3,-1
2,1,3,-1
2,3,1,-1
2,3,4,-1
2,1,11,-1
2,9,0,1
2,1,4,-1
2,1,3,-1
2,3,0,0
2,7,8,-1
2,10,46,1
2,10,6,1
2,8,1,1
2,1,1,-1
2,8,4,1
2,2,0,-1
2,3,2,-1
2,7,6,-1
2,9,13,1
2,9,4,1
2,8,6,0
2,6,2,-1
2,7,14,1
2,10,1,-1
2,5,8,1
2,7,4,1
2,1,4,1
2,2,7,-1
2,9,17,1
2,9,16,0
2,1,1,-1
2,8,4,1
2,2,0,-1
2,6,4,-1
2,1,7,-1
2,8,7,-1
2,10,31,1
2,9,11,0
2,6,0,1
2,1,4,-1
2,3,6,-1
2,2,5,-1
2,7,1,-1
2,5,6,-1
2,8,7,-1
2,7,9,0
2,3,4,-1
2,4,5,-1
2,10,15,1
2,8,3,1
2,10,4,1
2,8,7,0
2,9,2,-1
2,9,10,-1
2,5,2,-1
2,10,0,1
2,10,3,0
2,1,28,-1
2,6,14,1
2,1,0,-1
2,1,4,-1
2,9,4,1
2,6,4,0
2,9,18,1
2,10,5,1
2,10,4,1
2,10,3,1
2,2,3,-1
2,7,2,-1
2,8,19,-1
2,1,2,-1
2,2,0,-1
2,2,0,-1
2,7,7,-1
2,8,2,-1
2,5,9,-1
2,2,3,-1
2,7,6,1
2,4,1,-1
2,2,3,1
2,8,24,0
2,1,24,-1
2,9,1,-1
2,9,7,1
2,9,11,1
2,1,6,-1
2,7,2,-1
2,7,0,-1
2,5,2,-1
2,10,4,1
2,10,4,1
2,5,2,-1
2,10,10,1
2,1,1,-1
2,2,2,-1
2,3,5,-1
2,10,5,1
2,5,7,-1
2,9,0,1
2,2,2,-1
2,9,18,0
2,9,18,1
2,1,17,-1
2,10,4,1
2,10,7,0
2,4,8,-1
2,10,0,1
2,1,5,-1
2,2,3,-1
2,2,1,-1
2,3,6,-1
2,3,2,-1
2,8,1,1
2,9,13,1
2,10,1,1
2,1,2,-1
2,8,4,1
2,9,7,-1
2,1,3,-1
2,1,2,-1
2,10,12,1
2,9,5,-1
2,7,1,-1
2,9,1,0
2,9,59,1
2,1,3,-1
2,10,8,1
2,10,29,1
2,5,1,0
2,10,11,1
2,7,2,0
2,6,11,-1
2,2,43,-1
2,4,10,-1
2,7,0,-1
2,3,8,-1
2,1,1,-1
2,3,14,0
2,7,11,-1
2,7,2,-1
2,10,11,-1
2,6,3,1
2,7,1,1
2,1,2,-1
2,2,9,-1
2,6,19,1
2,10,3,1
2,9,9,1
2,10,0,1
2,9,3,1
2,8,0,1
2,3,4,-1
2,10,3,0
2,2,0,-1
2,9,0,1
2,1,1,-1
2,6,2,0
2,8,7,-1
2,8,15,0
2,10,4,1
2,10,6,1
2,10,0,1
2,10,9,1
2,10,2,1
2,4,0,-1
2,8,9,1
2,1,0,-1
2,8,3,-1
2,3,0,-1
2,9,7,0
2,8,9,1
2,2,3,-1
2,10,6,-1
2,2,9,1
2,4,3,-1
2,8,4,1
2,10,10,1
2,3,0,-1
2,3,0,-1
2,4,2,-1
2,1,3,0
2,1,1,-1
2,5,0,-1
2,10,5,1
2,3,19,-1
2,8,14,-1
2,9,2,1
2,10,15,1
2,6,4,-1
2,10,3,1
2,9,8,1
2,1,12,-1
2,2,11,-1
2,9,0,1
2,9,5,1
2,1,2,-1
2,1,8,-1
2,10,11,1
2,8,13,1
2,8,14,-1
2,2,22,-1
2,2,6,-1
2,4,2,-1
2,4,7,1
2,10,3,1
2,7,1,-1
2,10,11,1
2,7,10,1
2,10,4,1
2,8,0,1
2,1,3,-1
2,2,2,-1
2,5,2,-1
2,10,2,1
2,1,1,-1
2,10,16,0
2,9,17,1
2,2,2,1
2,1,7,-1
2,1,1,-1
2,9,1,1
2,8,3,-1
2,9,0,1
2,10,20,1
2,8,0,-1
2,9,2,1
2,8,6,0
2,1,3,-1
2,8,20,1
2,8,7,1
2,9,3,1
2,1,16,-1
2,7,2,1
2,2,16,1
2,9,8,1
2,1,1,-1
2,1,1,-1
2,2,4,-1
2,10,4,1
2,10,28,1
2,10,14,1
2,8,4,1
2,10,17,1
2,1,7,-1
2,8,3,-1
2,9,1,1
2,2,4,-1
2,1,3,-1
2,2,0,-1
2,1,4,-1
2,10,2,1
2,8,3,1
2,1,7,0
2,3,5,-1
2,2,5,-1
2,3,1,-1
2,2,4,-1
2,10,57,1
2,2,8,-1
2,1,11,-1
2,10,11,1
2,10,14,1
2,6,2,-1
2,5,4,-1
2,8,4,1
2,1,4,-1
2,9,4,1
2,9,100,1
2,1,2,-1
2,1,3,-1
2,10,6,1
2,10,4,1
2,10,17,-1
2,9,3,1
2,6,4,0
2,10,15,1
2,8,15,1
2,9,6,0
2,2,19,1
2,6,7,-1
2,7,18,0
2,3,10,-1
2,2,15,0
2,8,7,0
2,8,19,1
2,8,3,0
2,10,4,1
2,2,27,-1
2,3,0,-1
2,9,10,1
2,5,3,-1
2,5,0,1
2,5,2,-1
2,1,7,-1
2,5,1,-1
2,2,4,-1
2,1,5,-1
2,8,3,1
2,10,3,0
2,9,30,1
2,9,7,0
2,5,3,-1
2,2,5,-1
2,1,1,-1
2,9,1,1
2,1,2,-1
2,7,12,-1
2,1,2,1
2,9,14,1
2,2,0,0
2,2,34,-1
2,8,3,1
2,1,6,-1
2,1,1,-1
2,7,14,0
2,9,17,1
2,1,8,-1
2,10,8,0
2,8,19,1
2,1,16,-1
2,5,5,-1
2,10,12,1
2,1,1,-1
2,6,3,-1
2,5,10,-1
2,9,13,1
2,5,34,-1
2,9,7,1
2,1,7,-1
2,1,1,-1
2,9,6,1
2,8,5,1
2,1,0,-1
2,6,9,1
2,3,19,0
2,4,2,-1
2,5,2,-1
2,7,7,-1
2,8,10,0
2,5,8,-1
2,10,13,1
2,10,2,1
2,10,2,1
2,1,6,-1
2,8,13,-1
2,5,13,-1
2,8,4,0
2,6,0,-1
2,9,1,1
2,1,2,-1
2,10,105,1
2,1,5,-1
2,9,13,0
2,7,2,0
2,2,4,0
2,1,0,-1
2,8,1,1
2,9,10,1
2,3,5,-1
2,10,21,1
2,2,1,-1
2,2,14,-1
2,9,2,1
2,6,3,0
2,7,4,0
2,3,1,0
2,1,6,1
2,5,0,-1
2,1,5,-1
2,1,4,-1
2,2,1,-1
2,9,0,1
2,10,8,1
2,10,3,0
2,5,11,-1
2,1,4,0
2,7,17,0
2,3,8,-1
2,8,13,-1
2,4,0,-1
2,10,2,1
2,10,12,1
2,2,1,-1
2,9,9,1
2,2,5,-1
2,1,5,-1
2,9,9,1
2,2,8,-1
2,1,13,-1
2,10,2,0
2,5,5,-1
2,10,19,1
2,1,7,-1
2,9,4,1
2,9,24,1
2,7,32,-1
2,4,5,-1
2,5,4,1
2,8,5,1
2,10,8,1
2,8,4,1
2,10,0,1
2,4,4,-1
2,10,13,-1
2,2,10,-1
2,9,5,-1
2,2,1,-1
2,1,3,-1
2,9,6,0
2,4,3,-1
2,8,4,1
2,6,10,-1
2,10,9,1
2,9,6,1
2,10,11,-1
2,6,4,-1
2,2,3,-1
2,5,4,-1
2,1,1,-1
2,8,1,-1
2,7,6,1
2,1,2,-1
2,9,7,1
2,1,5,-1
2,3,7,-1
2,5,6,0
2,6,0,1
2,1,8,-1
2,10,0,1
2,1,1,-1
2,9,0,1
2,9,11,-1
2,10,30,0
2,1,3,-1
2,2,10,-1
2,8,13,-1
2,7,3,1
2,7,1,1
2,10,8,1
2,2,14,-1
2,6,4,0
2,8,8,1
2,8,0,1
2,4,3,-1
2,5,5,0
2,7,7,1
2,6,4,1
2,9,11,0
2,6,3,1
2,2,1,-1
2,6,0,-1
2,2,0,-1
2,1,1,-1
2,9,0,1
2,10,37,1
2,9,4,-1
2,9,0,1
2,9,0,1
2,10,0,1
2,1,5,-1
2,6,6,1
2,5,3,-1
2,1,0,-1
2,1,9,-1
2,1,2,-1
2,2,30,1
2,3,4,-1
2,1,1,-1
2,10,7,1
2,2,12,-1
2,3,3,1
2,9,1,1
2,2,6,-1
2,4,7,-1
2,1,2,0
2,2,1,0
2,6,3,0
2,2,6,-1
2,9,43,0
2,2,0,0
2,4,5,-1
2,3,10,-1
2,9,4,1
2,8,13,1
2,1,0,0
2,9,18,1
2,6,6,-1
2,8,6,0
2,5,8,-1
2,7,3,0
2,2,12,-1
2,10,4,1
2,4,1,1
2,8,12,1
2,1,0,-1
2,10,19,1
2,10,0,1
2,1,1,-1
2,9,5,1
2,7,0,-1
2,10,9,-1
2,8,8,1
2,6,1,-1
2,1,5,-1
2,9,18,0
2,1,0,-1
2,1,5,-1
2,10,2,1
2,5,5,-1
2,1,5,-1
2,2,1,-1
2,9,1,-1
2,10,3,1
2,10,18,1
2,3,28,-1
2,3,10,-1
2,1,2,-1
2,5,8,-1
2,7,2,1
2,8,2,1
2,1,4,-1
2,1,1,-1
2,2,5,-1
2,9,3,1
2,4,2,-1
2,2,0,-1
2,4,3,-1
2,9,17,-1
2,5,25,-1
2,1,6,-1
2,3,3,-1
2,8,4,1
2,1,4,-1
2,2,4,-1
2,2,1,-1
2,7,11,1
2,9,12,-1
2,5,1,-1
2,2,5,-1
2,8,4,1
2,1,3,-1
2,9,12,1
2,1,5,1
2,8,15,0
2,5,6,1
2,10,7,1
2,1,21,0
2,3,0,-1
2,7,10,1
2,9,0,1
2,2,1,-1
2,4,1,-1
2,10,15,1
2,2,0,-1
2,4,1,-1
2,1,4,-1
2,7,2,-1
2,9,3,1
2,4,17,-1
2,9,1,1
2,3,4,0
2,10,6,1
2,5,1,0
2,8,6,-1
2,4,1,-1
2,4,14,-1
2,1,2,0
2,8,30,0
2,7,3,0
2,8,23,-1
2,8,5,0
2,4,1,0
2,7,12,1
2,8,0,1
2,8,2,0
2,9,0,1
2,9,8,0
2,5,5,-1
2,8,8,-1
2,2,4,1
2,9,24,1
2,1,7,-1
2,7,12,-1
2,2,6,-1
2,8,4,1
2,2,4,-1
2,4,0,-1
2,3,9,-1
2,2,0,1
2,10,5,1
2,1,7,-1
2,5,2,-1
2,8,1,1
2,5,4,0
2,4,11,1
2,8,2,1
2,10,5,0
2,8,0,1
2,8,6,-1
2,9,0,1
2,1,19,-1
2,9,6,1
2,9,18,1
2,9,5,1
2,1,2,-1
2,9,29,0
2,10,3,1
2,9,13,-1
2,5,1,0
2,10,12,1
2,1,8,-1
2,2,3,-1
2,3,2,-1
2,6,3,-1
2,2,0,-1
2,5,6,-1
2,8,4,-1
2,10,3,1
2,2,5,-1
2,9,0,1
2,2,4,-1
2,9,3,1
2,5,9,1
2,8,7,1
2,9,8,1
2,5,7,-1
2,5,7,0
2,1,1,-1
2,10,9,1
2,3,8,1
2,10,14,1
2,10,4,1
2,8,14,1
2,1,5,-1
2,2,1,-1
2,9,18,-1
2,7,0,-1
2,5,4,-1
2,9,5,-1
2,4,5,-1
2,3,1,-1
2,1,9,-1
2,1,3,0
2,9,13,1
2,9,13,1
2,2,1,1
2,8,2,1
2,9,15,1
2,7,1,0
2,7,6,-1
2,1,1,-1
2,2,4,-1
2,8,0,-1
2,10,27,1
2,8,16,1
2,1,6,-1
2,6,0,-1
2,2,2,-1
2,9,4,1
2,2,13,-1
2,1,1,-1
2,2,7,-1
2,5,0,1
2,9,5,1
2,1,2,-1
2,1,2,-1
2,9,28,1
2,4,5,-1
2,8,3,1
2,1,5,-1
2,4,8,-1
2,1,4,-1
2,8,15,1
2,7,5,1
2,1,8,-1
2,1,1,-1
2,9,27,1
2,9,14,0
2,1,1,-1
2,8,17,1
2,3,2,-1
2,2,35,-1
2,8,10,1
2,2,1,-1
2,9,0,0
2,1,4,1
2,8,0,0
2,4,2,-1
2,1,0,0
2,9,4,1
2,1,1,-1
2,1,0,-1
2,1,2,-1
2,8,4,1
2,4,3,1
2,10,7,1
2,1,8,-1
2,10,8,1
2,10,8,1
2,1,14,-1
2,10,10,1
2,10,3,1
2,1,10,1
2,1,2,-1
2,6,0,-1
2,5,4,-1
2,1,1,-1
2,10,0,1
2,1,5,-1
2,2,10,-1
2,4,0,1
2,4,2,-1
2,7,2,1
2,1,5,-1
2,2,0,-1
2,8,8,1
2,5,7,1
2,1,4,-1
2,6,7,-1
2,1,0,-1
2,5,1,-1
2,8,5,1
2,1,4,-1
2,1,5,-1
2,10,2,1
2,9,11,1
2,7,2,1
2,8,2,1
2,1,3,-1
2,10,17,1
2,1,0,-1
2,10,8,0
2,9,3,1
2,1,10,-1
2,1,5,-1
2,9,7,1
2,10,20,0
2,1,13,1
2,10,11,0
2,10,9,1
2,4,17,-1
2,10,37,1
2,1,23,-1
2,10,1,1
2,9,14,1
2,1,8,-1
2,1,4,-1
2,10,1,1
2,1,7,-1
2,3,5,-1
2,2,2,-1
2,9,7,1
2,1,4,-1
2,10,0,1
2,8,11,0
2,8,0,-1
2,9,3,1
2,3,7,-1
2,10,3,1
2,8,5,1
2,10,7,1
2,10,2,-1
2,1,2,-1
2,5,5,0
2,5,4,0
2,8,5,-1
2,1,6,-1
2,5,0,1
2,2,4,-1
2,1,5,-1
2,2,3,0
2,9,18,1
2,10,54,1
2,4,5,-1
2,3,6,0
2,1,4,1
2,8,12,0
2,1,8,-1
2,9,1,0
2,4,9,-1
2,2,4,-1
2,9,2,1
2,7,3,-1
2,10,6,0
2,8,6,0
2,10,4,1
2,10,5,1
2,1,5,-1
2,6,1,-1
2,10,6,1
2,5,2,-1
2,9,2,1
2,9,4,1
2,7,1,1
2,1,3,-1
2,1,4,-1
2,9,4,1
2,9,12,-1
2,8,3,0
2,5,0,1
2,5,7,1
2,5,0,1
2,10,10,1
2,5,5,-1
2,10,5,-1
2,10,6,1
2,3,0,-1
2,3,24,-1
2,8,4,1
2,10,2,1
2,6,9,1
2,9,0,1
2,1,4,-1
2,5,4,-1
2,3,6,-1
2,8,11,0
2,3,1,-1
2,3,8,-1
2,7,1,0
2,4,7,-1
2,5,6,1
2,8,5,0
2,10,6,1
2,10,0,1
2,5,6,0
2,3,10,-1
2,4,0,-1
2,10,11,1
2,8,0,0
2,2,7,-1
2,3,18,-1
2,4,4,-1
2,1,1,-1
2,5,1,-1
2,10,0,1
2,2,2,-1
2,5,1,0
2,7,3,1
2,10,15,1
2,6,6,-1
2,8,10,1
2,8,4,0
2,6,5,0
2,1,0,0
2,1,5,-1
2,7,4,-1
2,3,0,1
2,1,1,-1
2,2,1,-1
2,5,0,1
2,2,5,-1
2,10,29,1
2,8,6,1
2,10,18,1
2,10,5,0
2,5,1,-1
2,1,13,-1
2,3,9,0
2,10,12,1
2,1,2,-1
2,8,0,1
2,3,0,0
2,3,1,1
2,2,0,-1
2,5,11,-1
2,5,4,0
2,5,2,0
2,1,0,-1
2,5,0,1
2,6,0,-1
2,5,7,0
2,5,3,-1
2,5,10,-1
2,10,7,1
2,4,8,-1
2,10,31,0
2,9,1,0
2,10,2,-1
2,3,7,-1
2,9,2,-1
2,9,3,1
2,1,1,-1
2,10,30,1
2,5,15,-1
2,8,2,1
2,1,1,-1
2,8,33,-1
2,4,11,-1
2,2,3,-1
2,3,5,1
2,10,7,1
2,1,0,-1
2,10,2,1
2,10,9,1
2,1,1,0
2,1,5,-1
2,10,18,0
2,8,12,0
2,8,28,1
2,1,12,-1
2,2,5,-1
2,6,0,-1
2,8,2,1
2,8,5,1
2,10,7,1
2,10,2,1
2,2,2,-1
2,10,7,1
2,9,3,1
2,10,0,1
2,10,19,-1
2,3,1,1
2,10,0,-1
2,6,0,-1
2,3,5,0
2,8,4,0
2,1,4,-1
2,7,5,0
2,9,15,0
2,10,13,1
2,8,8,-1
2,10,5,1
2,1,4,-1
2,9,11,1
2,9,0,1
2,3,3,-1
2,9,4,-1
2,3,4,-1
2,5,9,-1
2,10,3,1
2,5,4,1
2,1,4,-1
2,8,3,0
2,3,2,-1
2,10,5,1
2,5,3,-1
2,3,9,-1
2,7,5,1
2,2,4,-1
2,1,9,-1
2,1,10,-1
2,4,4,-1
2,2,13,-1
2,1,8,-1
2,10,7,1
2,10,3,1
2,7,5,-1
2,10,7,1
2,6,5,1
2,10,4,1
2,10,3,-1
2,6,7,-1
2,10,11,1
2,10,1,-1
2,8,4,1
2,1,2,-1
2,8,6,-1
2,3,1,-1
2,9,13,1
2,10,0,1
2,5,0,1
2,5,0,1
2,1,4,0
2,3,1,-1
2,1,0,-1
2,1,2,-1
2,6,1,0
2,10,2,1
2,10,13,1
2,2,6,-1
2,9,1,1
2,1,2,-1
2,2,13,-1
2,6,1,-1
2,1,0,-1
2,4,0,0
2,7,0,1
2,1,13,-1
2,10,72,1
2,8,0,1
2,9,4,1
2,1,13,-1
2,3,1,-1
2,9,1,1
2,5,2,-1
2,8,3,0
2,10,18,1
2,8,6,1
2,10,6,1
2,9,1,1
2,5,0,0
2,5,0,-1
2,7,5,1
2,2,5,0
2,3,25,0
2,1,3,-1
2,8,18,0
2,4,5,-1
2,3,5,-1
2,9,0,0
2,2,4,-1
2,10,0,-1
2,6,0,-1
2,1,1,0
2,8,4,0
2,2,5,-1
2,7,0,0
2,9,32,1
2,7,2,1
2,2,3,-1
2,5,7,-1
2,2,5,-1
2,1,6,-1
2,1,3,-1
2,9,2,0
2,8,0,1
2,8,2,0
2,4,3,-1
2,2,1,-1
2,10,23,1
2,9,5,1
2,1,5,-1
2,2,0,-1
2,1,2,-1
2,3,9,1
2,8,11,-1
2,1,5,-1
2,8,0,1
2,1,7,-1
2,7,4,1
2,5,2,1
2,1,10,-1
2,10,1,1
2,10,5,0
2,9,5,-1
2,10,5,0
2,10,9,-1
2,7,3,-1
2,5,3,1
2,10,11,1
2,8,0,-1
2,10,5,1
2,2,7,-1
2,9,0,1
2,5,5,1
2,1,7,-1
2,4,4,-1
2,10,2,1
2,9,3,1
2,5,1,-1
2,1,3,-1
2,10,9,1
2,1,2,-1
2,8,6,1
2,10,2,1
2,5,4,-1
2,4,6,-1
2,5,5,-1
2,1,5,-1
2,8,4,-1
2,4,2,-1
2,10,3,1
2,10,5,1
2,7,2,1
2,5,5,-1
2,3,13,-1
2,10,4,1
2,9,1,-1
2,1,1,-1
2,9,3,0
2,9,12,1
2,10,1,1
2,10,16,0
2,8,3,1
2,8,32,-1
2,3,0,-1
2,5,4,-1
2,8,3,-1
2,9,4,1
2,6,17,-1
2,7,3,0
2,10,6,1
2,6,11,0
2,7,0,-1
2,1,0,-1
2,10,1,1
2,10,0,-1
2,1,2,-1
2,9,5,0
2,2,11,-1
2,9,7,-1
2,1,10,0
2,1,1,-1
2,6,3,1
2,7,6,1
2,10,5,1
2,2,1,-1
2,10,1,1
2,5,0,1
2,4,3,0
2,10,0,1
2,10,95,1
2,10,3,1
2,10,1,1
2,1,4,0
2,2,0,-1
2,10,2,1
2,1,0,-1
2,1,3,-1
2,9,5,1
2,7,9,-1
2,5,6,1
2,10,8,1
2,2,2,-1
2,4,1,-1
2,10,20,1
2,2,4,-1
2,10,1,1
2,7,3,-1
2,2,0,-1
2,10,13,-1
2,8,0,-1
2,9,4,1
2,1,2,-1
2,9,0,1
2,1,0,-1
2,8,2,0
2,3,14,-1
2,10,4,1
2,10,4,-1
2,9,0,1
2,8,1,1
2,8,0,0
2,10,10,1
2,10,4,1
2,6,4,1
2,8,6,-1
2,5,10,-1
2,1,0,-1
2,10,14,1
2,10,5,0
2,1,0,-1
2,5,0,0
2,5,5,-1
2,8,5,-1
2,1,1,-1
2,7,0,1
2,6,0,-1
2,9,11,1
2,4,2,-1
2,3,0,-1
2,6,6,-1
2,10,5,1
2,8,1,0
2,3,0,-1
2,5,5,1
2,10,10,1
2,2,4,-1
2,6,6,-1
2,7,8,0
2,2,1,-1
2,2,2,0
2,10,1,1
2,9,24,1
2,1,5,-1
2,3,8,-1
2,1,5,-1
2,9,2,1
2,5,13,1
2,3,4,-1
2,8,0,-1
2,10,2,1
2,8,29,-1
2,3,0,-1
2,2,3,1
2,6,5,1
2,10,9,1
2,5,1,-1
2,1,5,-1
2,3,1,1
2,8,5,-1
2,7,1,-1
2,5,1,-1
2,10,4,1
2,10,25,1
2,3,8,-1
2,8,7,-1
2,9,2,1
2,5,4,-1
2,1,2,-1
2,9,12,1
2,5,6,-1
2,2,1,0
2,8,3,0
2,4,7,-1
2,8,0,1
2,1,9,-1
2,3,6,-1
2,10,8,1
2,1,2,-1
2,8,0,0
2,1,11,-1
2,10,4,1
2,1,5,-1
2,8,8,0
2,4,8,1
2,3,2,-1
2,3,1,-1
2,6,6,0
2,4,0,-1
2,10,2,1
2,8,22,-1
2,1,1,0
2,5,7,0
2,2,2,-1
2,7,6,-1
2,1,4,-1
2,2,3,-1
2,10,11,1
2,10,5,1
2,3,1,-1
2,1,6,-1
2,2,9,-1
2,9,0,-1
2,2,2,-1
2,9,0,1
2,2,5,-1
2,7,1,-1
2,10,0,1
2,10,2,-1
2,8,0,1
2,3,0,0
2,2,4,-1
2,6,0,0
2,10,0,1
2,10,0,1
2,5,4,0
2,6,24,-1
2,1,0,-1
2,2,6,-1
2,8,1,1
2,8,1,1
2,5,5,-1
2,6,2,0
2,5,2,1
2,1,8,-1
2,4,4,-1
2,1,1,-1
2,10,7,0
2,10,1,-1
2,10,0,-1
2,10,1,1
2,9,8,-1
2,1,2,-1
2,7,2,-1
2,7,1,1
2,2,5,-1
2,9,12,0
2,9,2,0
2,1,5,-1
2,2,4,-1
2,5,2,-1
2,2,0,-1
2,1,4,-1
2,5,0,-1
2,1,1,-1
2,7,1,1
2,9,5,1
2,5,14,0
2,10,5,0
2,4,2,-1
2,2,1,-1
2,3,2,-1
2,1,8,-1
2,9,2,0
2,10,13,1
2,10,2,-1
2,1,10,-1
2,10,4,1
2,9,71,-1
2,10,1,-1
2,4,1,-1
2,3,2,-1
2,6,3,0
2,9,2,1
2,9,11,-1
2,1,2,1
2,10,6,1
2,8,7,1
2,1,0,-1
2,2,6,-1
2,10,11,-1
2,1,5,-1
2,10,6,1
2,10,6,0
2,9,3,1
2,9,1,1
2,8,3,-1
2,10,6,1
2,10,4,1
2,6,0,-1
2,4,1,0
2,1,0,-1
2,1,5,-1
2,4,4,0
2,1,0,-1
2,1,4,-1
2,10,3,1
2,8,0,1
2,1,4,-1
2,5,1,-1
2,2,44,-1
2,1,3,-1
2,9,5,-1
2,8,15,1
2,7,0,0
2,2,0,-1
2,1,4,-1
2,3,6,-1
2,2,4,0
2,5,1,1
2,1,3,0
2,10,1,1
2,10,15,1
2,7,0,0
2,10,0,1
2,3,8,-1
2,10,0,1
2,3,4,0
2,2,3,0
2,8,6,1
2,8,1,1
2,2,20,0
2,3,11,-1
2,1,2,0
2,3,5,-1
2,3,7,-1
2,5,0,0
2,2,0,-1
2,2,0,-1
2,8,8,1
2,3,3,-1
2,8,8,1
2,2,5,-1
2,7,2,0
2,2,4,0
2,9,6,1
2,2,5,-1
2,10,11,-1
2,8,3,0
2,10,3,1
2,9,0,1
2,1,2,1
2,7,2,-1
2,5,0,0
2,3,4,-1
2,1,3,-1
2,10,8,0
2,3,1,0
2,3,1,1
2,10,3,1
2,10,6,-1
2,9,11,1
2,7,7,1
2,4,2,-1
2,9,13,1
2,9,4,1
2,10,1,1
2,8,2,-1
2,5,0,-1
2,10,0,1
2,5,0,-1
2,7,3,-1
2,9,4,1
2,3,8,-1
2,6,9,1
2,4,3,-1
2,8,4,1
2,9,14,-1
2,10,3,1
2,10,4,1
2,1,3,-1
2,1,6,-1
2,1,1,-1
2,10,0,1
2,9,0,1
2,5,2,0
2,3,4,0
2,4,4,-1
2,10,0,1
2,9,5,-1
2,9,10,0
2,5,4,-1
2,8,2,-1
2,9,0,1
2,10,2,0
2,8,2,1
2,6,2,-1
2,6,1,-1
2,1,5,-1
2,4,1,0
2,3,8,-1
2,9,29,1
2,5,1,-1
2,2,2,-1
2,3,5,-1
2,8,3,1
2,9,11,1
2,4,5,-1
2,1,26,-1
2,5,3,0
2,8,2,0
2,10,0,1
2,1,4,-1
2,1,5,-1
2,2,5,-1
2,8,0,-1
2,5,1,0
2,5,16,-1
2,2,4,-1
2,10,2,-1
2,5,3,-1
2,4,2,1
2,3,4,1
2,10,9,1
2,2,3,-1
2,8,0,-1
2,2,0,0
2,8,5,1
2,2,7,-1
2,5,3,-1
2,5,0,-1
2,7,0,-1
2,5,7,1
2,9,6,1
2,6,6,-1
2,10,4,1
2,9,1,1
2,10,1,1
2,9,1,1
2,8,10,-1
2,10,1,1
2,10,6,1
2,3,1,-1
2,7,7,-1
2,10,24,1
2,6,11,-1
2,10,14,1
2,10,0,0
2,10,0,1
2,1,6,-1
2,2,12,-1
2,10,10,-1
2,4,2,-1
2,7,6,1
2,8,2,1
2,10,30,1
2,8,2,1
2,9,3,1
2,4,0,-1
2,10,14,1
2,6,9,-1
2,3,7,-1
2,5,5,-1
2,9,7,0
2,3,7,-1
2,3,0,-1
2,10,6,1
2,2,8,-1
2,1,8,-1
2,1,4,-1
2,2,13,-1
2,8,23,1
2,9,5,0
2,9,0,-1
2,9,0,1
2,10,7,1
2,8,4,-1
2,8,6,1
2,8,4,-1
2,2,7,0
2,5,2,-1
2,5,4,-1
2,9,0,0
2,3,5,1
2,4,2,-1
2,5,1,-1
2,5,5,-1
2,10,2,-1
2,1,5,-1
2,8,3,-1
2,10,24,1
2,1,4,0
2,10,4,1
2,4,10,0
2,9,35,1
2,8,4,-1
2,1,3,1
2,10,0,1
2,2,14,0
2,4,0,1
2,1,9,-1
2,10,7,1
2,1,0,-1
2,9,0,1
2,10,23,1
2,10,5,-1
2,3,7,-1
2,2,3,-1
2,4,11,-1
2,8,6,1
2,2,1,-1
2,1,3,-1
2,10,17,1
2,5,2,-1
2,1,7,-1
2,3,0,1
2,8,21,1
2,1,4,-1
2,10,5,-1
2,2,4,-1
2,9,2,-1
2,7,1,-1
2,3,3,-1
2,7,0,-1
2,1,5,-1
2,5,4,1
2,9,28,1
2,3,0,-1
2,1,6,-1
2,9,19,1
2,7,5,-1
2,9,8,-1
2,9,16,0
2,8,5,-1
2,5,11,1
2,7,0,0
2,9,4,-1
2,9,6,-1
2,9,4,1
2,6,4,1
2,4,0,-1
2,1,5,-1
2,3,4,-1
2,8,9,0
2,9,9,0
2,1,4,-1
2,10,6,1
2,7,3,-1
2,10,6,1
2,5,28,-1
2,5,10,0
2,9,12,1
2,10,15,0
2,8,5,1
2,9,40,0
2,3,5,1
2,5,10,-1
2,9,20,0
2,9,26,1
2,10,0,1
2,10,8,1
2,4,2,-1
2,10,3,0
2,1,2,1
2,6,5,0
2,10,28,1
2,1,3,-1
2,2,6,-1
2,7,5,1
2,2,0,-1
2,6,0,-1
2,1,5,-1
2,2,3,-1
2,9,11,1
2,2,12,-1
2,10,6,1
2,4,3,-1
2,3,1,-1
2,5,8,-1
2,8,5,1
2,10,4,0
2,9,0,-1
2,10,3,1
2,9,20,1
2,8,6,-1
2,2,6,0
2,10,5,1
2,10,2,1
2,9,2,0
2,8,2,0
2,8,7,1
2,10,6,1
2,10,12,1
2,10,3,1
2,9,4,1
2,6,24,-1
2,8,9,-1
2,1,2,-1
2,9,0,-1
2,10,6,-1
2,9,9,1
2,7,2,1
2,1,2,-1
2,7,2,-1
2,1,2,-1
2,4,7,-1
2,3,5,-1
2,10,0,1
2,5,13,-1
2,5,7,-1
2,10,15,1
2,10,3,0
2,4,8,-1
2,4,4,-1
2,10,0,1
2,1,3,-1
2,6,6,1
2,2,5,1
2,9,4,0
2,3,1,-1
2,4,6,1
2,6,3,-1
2,1,3,-1
2,8,1,1
2,9,10,0
2,8,0,-1
2,6,17,0
2,1,3,-1
2,2,2,0
2,8,6,-1
2,10,0,-1
2,2,1,1
2,7,3,0
2,10,13,1
2,8,9,0
2,4,1,-1
2,7,3,-1
2,9,7,1
2,1,66,-1
2,9,1,1
2,3,1,-1
2,10,8,1
2,10,4,1
2,10,5,-1
2,4,3,-1
2,1,3,-1
2,1,5,-1
2,9,0,0
2,10,18,0
2,10,3,1
2,3,5,-1
2,7,5,1
2,2,3,-1
2,1,2,-1
2,8,5,1
2,10,9,1
2,9,3,1
2,10,0,1
2,9,5,1
2,9,1,1
2,5,4,-1
2,10,9,0
2,7,0,-1
2,1,1,-1
2,8,2,1
2,1,2,-1
2,5,0,-1
2,10,4,0
2,3,1,-1
2,10,7,1
2,7,2,-1
2,1,3,-1
2,10,20,1
2,9,0,1
2,2,2,0
2,9,7,0
2,6,11,-1
2,3,1,-1
2,8,3,0
2,1,4,-1
2,10,8,0
2,1,1,0
2,1,2,-1
2,10,17,1
2,10,39,1
2,3,4,-1
2,3,3,0
2,4,1,-1
2,9,18,1
2,10,0,1
2,1,9,-1
2,10,3,-1
2,4,2,-1
2,8,5,0
2,1,1,-1
2,1,10,-1
2,9,14,1
2,1,3,-1
2,9,4,0
2,4,2,-1
2,5,0,0
2,1,3,-1
2,7,1,-1
2,10,0,1
2,5,1,-1
2,1,1,1
2,1,8,-1
2,9,3,0
2,2,0,-1
2,9,23,0
2,10,3,1
2,8,1,-1
2,5,3,-1
2,1,5,-1
2,7,5,-1
2,9,2,-1
2,10,9,1
2,9,4,-1
2,3,1,-1
2,3,5,-1
2,9,9,0
2,1,0,-1
2,8,0,-1
2,9,0,1
2,10,6,1
2,10,4,1
2,2,9,-1
2,1,2,-1
2,8,5,1
2,8,9,-1
2,10,8,1
2,9,0,0
2,9,8,1
2,4,7,-1
2,5,2,-1
2,1,7,1
2,2,0,-1
2,1,4,-1
2,8,0,-1
2,1,1,-1
2,10,52,1
2,10,4,1
2,1,6,-1
2,3,7,-1
2,3,5,1
2,5,3,-1
2,4,0,-1
2,8,1,-1
2,9,2,-1
2,5,1,-1
2,1,2,-1
2,8,24,1
2,7,0,-1
2,5,9,0
2,7,5,0
2,1,6,-1
2,8,2,1
2,8,0,1
2,1,1,-1
2,2,7,1
2,3,0,0
2,2,2,-1
2,4,5,-1
2,4,6,-1
2,2,2,-1
2,10,4,1
2,8,3,1
2,4,6,1
2,10,4,-1
2,1,1,-1
2,1,1,-1
2,2,9,-1
2,1,2,-1
2,10,6,-1
2,3,2,-1
2,1,2,-1
2,10,7,1
2,5,0,-1
2,1,3,-1
2,5,1,-1
2,8,4,-1
2,1,3,0
2,9,12,0
2,5,0,0
2,9,0,1
2,8,2,1
2,2,6,-1
2,8,2,0
2,8,5,1
2,10,1,0
2,1,5,-1
2,1,8,-1
2,9,8,1
2,7,6,0
2,9,4,1
2,1,10,-1
2,3,2,0
2,5,0,0
2,10,11,1
2,8,0,-1
2,9,8,1
2,4,5,1
2,10,9,-1
2,2,6,-1
2,1,2,-1
2,1,8,1
2,1,12,-1
2,10,7,0
2,8,1,0
2,5,27,1
2,7,5,1
2,1,2,1
2,5,0,0
2,10,6,1
2,1,3,-1
2,10,16,1
2,1,1,-1
2,1,5,-1
2,6,5,1
2,8,4,1
2,3,2,-1
2,3,10,0
2,8,2,0
2,1,1,-1
2,10,5,1
2,1,2,-1
2,3,3,-1
2,8,2,-1
2,9,5,1
2,7,7,-1
2,3,1,1
2,3,0,-1
2,4,4,-1
2,4,0,1
2,10,4,-1
2,2,6,-1
2,6,0,-1
2,1,7,-1
2,1,6,0
2,3,0,-1
2,10,6,1
2,7,3,1
2,6,3,0
2,1,6,-1
2,9,5,1
2,10,2,0
2,4,5,1
2,1,1,-1
2,5,2,0
2,5,0,-1
2,3,1,-1
2,8,6,1
2,1,5,-1
2,1,7,-1
2,3,4,-1
2,1,2,-1
2,9,5,-1
2,10,2,1
2,8,1,1
2,9,1,0
2,8,6,-1
2,5,2,-1
2,8,4,-1
2,1,10,-1
2,9,2,1
2,10,7,1
2,9,0,1
2,10,3,1
2,8,6,1
2,1,0,-1
2,1,4,-1
2,6,17,-1
2,4,6,0
2,8,2,1
2,5,2,-1
2,2,2,-1
2,1,13,-1
2,10,6,1
2,1,6,-1
2,3,2,-1
2,10,6,-1
2,10,223,1
2,10,10,1
2,1,6,-1
2,8,4,1
2,9,8,1
2,4,6,1
2,9,0,1
2,2,6,-1
2,3,0,-1
2,5,1,1
2,10,1,1
2,7,1,1
2,10,4,0
2,7,1,-1
2,1,1,-1
2,4,8,-1
2,10,7,0
2,8,7,1
2,8,3,0
2,1,1,-1
2,9,10,1
2,10,65,0
2,4,2,1
2,5,1,-1
2,10,2,1
2,10,5,1
2,10,1,-1
2,8,4,-1
2,10,0,1
2,3,2,-1
2,8,5,0
2,10,6,-1
2,1,1,-1
2,10,100,1
2,4,2,-1
2,2,1,-1
2,2,40,-1
2,8,3,0
2,8,2,-1
2,10,1,1
2,9,0,1
2,3,6,-1
2,7,4,-1
2,1,4,-1
2,3,5,-1
2,7,30,-1
2,9,15,1
2,5,4,-1
2,5,1,0
2,9,4,-1
2,3,2,-1
2,10,9,-1
2,4,1,-1
2,9,12,0
2,10,17,1
2,3,7,-1
2,3,1,-1
2,10,2,1
2,4,5,0
2,9,3,1
2,3,1,-1
2,5,7,0
2,9,3,1
2,10,7,1
2,1,3,-1
2,10,29,1
2,4,3,-1
2,10,11,-1
2,9,10,1
2,9,2,-1
2,6,3,0
2,3,4,0
2,9,5,1
2,7,7,-1
2,10,5,0
2,9,3,-1
2,3,5,-1
2,9,4,-1
2,4,4,-1
2,9,53,-1
2,1,3,-1
2,7,12,1
2,1,6,-1
2,9,6,1
2,3,6,1
2,9,6,1
2,10,5,1
2,10,2,1
2,8,14,1
2,6,7,-1
2,3,2,-1
2,10,4,1
2,1,0,-1
2,10,0,1
2,8,10,1
2,10,4,-1
2,5,4,-1
2,3,6,-1
2,3,1,-1
2,5,2,-1
2,6,0,1
2,10,10,0
2,2,7,-1
2,10,5,1
2,3,6,-1
2,6,1,-1
2,4,9,0
2,3,5,-1
2,9,3,-1
2,10,5,1
2,5,4,-1
2,5,4,-1
2,1,3,-1
2,7,8,-1
2,9,2,0
2,2,2,-1
2,2,3,1
2,4,1,-1
2,9,4,1
2,5,1,-1
2,7,17,-1
2,6,14,-1
2,10,3,-1
2,10,5,1
2,1,2,-1
2,1,13,-1
2,8,2,-1
2,1,4,-1
2,10,38,1
2,10,9,1
2,8,9,1
2,4,2,1
2,1,2,-1
2,4,2,0
2,2,3,0
2,8,16,-1
2,10,6,1
2,1,8,-1
2,10,2,-1
2,3,1,-1
2,5,2,-1
2,9,15,-1
2,3,1,-1
2,6,6,-1
2,8,11,1
2,7,0,1
2,1,4,-1
2,9,1,1
2,2,14,-1
2,4,2,-1
2,2,10,-1
2,4,2,0
2,2,7,0
2,3,3,1
2,4,3,0
2,5,4,1
2,1,9,-1
2,10,1,1
2,10,62,-1
2,10,9,-1
2,10,3,0
2,4,4,1
2,8,2,0
2,8,0,-1
2,10,2,1
2,1,7,-1
2,7,2,-1
2,4,1,0
2,10,77,-1
2,1,6,-1
2,1,6,-1
2,10,12,1
2,5,3,1
2,10,7,1
2,1,3,-1
2,9,6,1
2,10,6,-1
2,1,8,0
2,9,20,0
2,4,10,-1
2,7,3,1
2,9,6,1
2,6,0,-1
2,4,10,-1
2,2,3,-1
2,1,4,0
2,4,2,-1
2,10,23,1
2,2,4,-1
2,10,10,1
2,10,7,1
2,10,6,0
2,1,0,-1
2,10,26,1
2,1,3,-1
2,2,4,-1
2,3,4,-1
2,9,1,1
2,2,5,-1
2,8,4,1
2,7,8,1
2,2,18,-1
2,1,7,-1
2,1,2,1
2,9,2,1
2,8,0,0
2,10,0,0
2,9,17,1
2,8,12,1
2,1,28,-1
2,7,0,1
2,7,4,1
2,1,14,-1
2,1,5,-1
2,4,2,-1
2,3,1,1
2,1,7,-1
2,5,1,-1
2,10,11,0
2,1,2,1
2,2,0,-1
2,1,9,-1
2,5,0,0
2,10,11,1
2,10,6,0
2,8,4,-1
2,6,0,-1
2,3,16,-1
2,7,4,1
2,3,2,-1
2,7,18,-1
2,8,4,1
2,2,3,-1
2,8,7,-1
2,8,0,-1
2,1,4,-1
2,3,1,-1
2,1,0,-1
2,10,1,1
2,9,6,1
2,8,12,0
2,3,7,-1
2,8,9,1
2,2,2,-1
2,7,12,0
2,10,5,0
2,8,2,-1
2,1,3,-1
2,6,16,-1
2,5,0,-1
2,1,2,-1
2,9,30,1
2,4,9,1
2,8,2,1
2,8,1,1
2,1,5,-1
2,10,9,1
2,10,0,0
2,9,0,1
2,10,10,1
2,3,5,-1
2,7,0,-1
2,1,1,0
2,2,6,-1
2,1,4,-1
2,8,5,0
2,1,2,-1
2,3,6,0
2,1,2,-1
2,9,8,1
2,2,9,-1
2,8,3,1
2,6,0,-1
2,3,4,-1
2,10,10,-1
2,10,20,1
2,9,5,1
2,5,4,-1
2,8,8,-1
2,10,13,1
2,8,2,-1
2,3,1,-1
2,10,4,0
2,9,7,1
2,5,9,-1
2,9,0,0
2,3,1,-1
2,9,2,1
2,2,8,-1
2,4,6,-1
2,9,5,-1
2,2,2,-1
2,9,2,-1
2,3,6,-1
2,8,1,1
2,4,7,-1
2,10,2,1
2,1,4,-1
2,5,10,-1
2,8,25,-1
2,2,7,-1
2,10,9,1
2,10,9,-1
2,1,3,1
2,1,8,-1
2,8,19,-1
2,1,7,-1
2,1,3,-1
2,1,4,-1
2,6,0,1
2,3,0,-1
2,1,1,-1
2,9,8,-1
2,9,9,1
2,7,4,1
2,6,1,1
2,4,0,-1
2,1,10,-1
2,7,5,1
2,2,2,-1
2,10,0,1
2,8,0,1
2,10,3,1
2,4,8,-1
2,10,10,1
2,10,0,0
2,10,0,0
2,1,15,-1
2,4,6,-1
2,8,6,0
2,8,0,-1
2,10,15,1
2,1,10,-1
2,2,6,-1
2,1,6,-1
2,10,17,1
2,9,6,1
2,3,67,-1
2,6,24,1
2,1,0,-1
2,9,5,-1
2,1,1,-1
2,5,17,0
2,6,9,-1
2,5,4,-1
2,10,4,0
2,10,6,-1
2,9,5,1
2,8,3,1
2,6,1,-1
2,9,8,1
2,2,5,-1
2,10,6,-1
2,10,8,1
2,9,0,1
2,10,4,1
2,4,2,0
2,4,12,-1
2,4,2,-1
2,10,1,-1
2,2,9,-1
2,1,7,-1
2,10,60,1
2,6,2,-1
2,5,1,-1
2,10,0,0
2,9,1,-1
2,10,13,-1
2,9,15,-1
2,4,9,-1
2,10,5,1
2,10,33,1
2,6,4,1
2,4,6,-1
2,8,3,1
2,5,2,-1
2,3,5,-1
2,10,9,1
2,9,9,-1
2,10,4,1
2,6,2,-1
2,3,2,0
2,1,1,-1
2,8,6,1
2,1,6,-1
2,1,7,-1
2,5,2,0
2,3,4,1
2,1,9,-1
2,6,0,1
2,10,16,-1
2,10,7,-1
2,2,8,-1
2,6,2,0
2,1,4,-1
2,7,6,1
2,4,4,0
2,2,1,-1
2,10,7,1
2,1,6,-1
2,4,0,0
2,10,4,1
2,6,7,-1
2,9,3,0
2,3,5,0
2,8,0,1
2,1,5,-1
2,6,0,-1
2,8,3,1
2,2,4,-1
2,2,5,1
2,8,1,1
2,5,4,1
2,3,7,-1
2,2,6,-1
2,8,7,1
2,9,4,1
2,1,0,-1
2,5,9,-1
2,10,1,1
2,5,18,-1
2,8,5,1
2,6,3,0
2,3,2,1
2,4,3,-1
2,1,9,-1
2,10,2,1
2,10,10,1
2,9,2,0
2,3,3,1
2,10,3,1
2,5,0,-1
2,10,0,-1
2,10,1,1
2,7,10,1
2,8,7,-1
2,5,1,-1
2,10,3,1
2,6,1,-1
2,7,3,-1
2,1,0,0
2,1,11,0
2,9,2,1
2,9,0,1
2,8,6,-1
2,5,16,0
2,6,2,1
2,8,12,1
2,10,1,1
2,10,5,1
2,10,0,1
2,9,2,-1
2,1,2,1
2,10,18,1
2,3,13,-1
2,10,0,-1
2,9,2,1
2,8,0,-1
2,5,2,0
2,6,5,1
2,4,2,1
2,8,4,-1
2,9,11,1
2,7,0,1
2,9,3,-1
2,9,0,0
2,5,6,-1
2,2,12,0
2,9,4,1
2,4,2,-1
2,10,11,1
2,1,5,-1
2,2,2,-1
2,7,3,0
2,5,0,-1
2,4,0,1
2,10,5,1
2,3,19,-1
2,10,6,-1
2,6,0,-1
2,9,3,-1
2,3,26,-1
2,6,7,-1
2,9,17,1
2,2,5,-1
2,7,4,-1
2,6,2,-1
2,1,0,-1
2,6,12,-1
2,10,1,1
2,3,132,-1
2,7,2,1
2,2,3,-1
2,1,9,-1
2,4,8,-1
2,9,7,1
2,9,2,1
2,6,1,0
2,1,10,-1
2,1,5,-1
2,9,7,1
2,5,56,-1
2,4,0,-1
2,7,4,-1
2,10,16,0
2,6,6,-1
2,7,3,-1
2,7,3,1
2,4,1,-1
2,5,1,1
2,10,7,1
2,3,1,1
2,5,0,-1
2,1,5,-1
2,9,2,1
2,6,4,-1
2,8,10,-1
2,10,12,1
2,5,1,0
2,7,1,0
2,1,0,-1
2,6,4,-1
2,10,0,-1
2,3,0,-1
2,6,1,1
2,5,0,1
2,3,4,-1
2,1,2,-1
2,2,2,-1
2,8,0,1
2,3,3,-1
2,10,0,1
2,1,3,-1
2,8,6,1
2,9,24,1
2,5,8,-1
2,5,13,-1
2,9,0,1
2,7,0,-1
2,8,5,1
2,10,4,1
2,6,5,1
2,5,35,-1
2,8,6,1
2,10,6,1
2,2,8,-1
2,6,0,0
2,3,0,-1
2,5,3,-1
2,4,8,-1
2,10,1,1
2,6,3,1
2,9,14,1
2,2,1,-1
2,10,2,1
2,9,34,1
2,9,5,-1
2,10,1,-1
2,1,18,-1
2,9,2,-1
2,10,7,-1
2,3,2,-1
2,1,4,-1
2,9,3,-1
2,5,6,-1
2,2,7,0
2,2,4,-1
2,4,3,0
2,9,2,0
2,5,3,-1
2,1,2,-1
2,9,136,0
2,9,2,-1
2,5,0,-1
2,7,27,0
2,10,0,1
2,9,1,-1
2,1,4,-1
2,3,3,-1
2,2,2,-1
2,3,1,0
2,6,11,-1
2,10,1,-1
2,6,3,1
2,6,8,0
2,3,1,1
2,7,1,-1
2,9,1,1
2,9,7,-1
2,8,1,-1
2,5,6,-1
2,2,8,-1
2,1,4,-1
2,1,0,-1
2,1,4,-1
2,4,6,-1
2,3,0,-1
2,10,0,1
2,3,4,-1
2,1,0,-1
2,4,51,0
2,10,14,1
2,2,8,-1
2,7,2,1
2,7,6,1
2,2,0,-1
2,1,2,-1
2,5,0,0
2,1,2,-1
2,1,7,-1
2,2,7,-1
2,10,6,1
2,10,0,-1
2,3,6,-1
2,10,0,1
2,10,10,1
2,4,2,1
2,8,9,-1
2,7,8,1
2,1,2,0
2,6,79,-1
2,10,3,-1
2,10,32,1
2,10,19,1
2,2,12,-1
2,8,1,1
2,9,4,-1
2,9,24,1
2,9,9,1
2,3,5,1
2,9,1,1
2,2,1,-1
2,3,2,1
2,8,5,1
2,4,3,-1
2,6,0,-1
2,9,0,1
2,6,1,0
2,8,29,-1
2,7,5,0
2,10,10,1
2,5,0,0
2,4,0,-1
2,9,0,1
2,1,2,-1
2,6,4,-1
2,9,33,1
2,2,4,-1
2,10,1,1
2,2,5,-1
2,10,5,1
2,1,6,-1
2,8,1,1
2,1,12,-1
2,9,13,1
2,5,2,1
2,4,2,0
2,5,3,-1
2,9,6,1
2,5,0,1
2,5,0,0
2,9,7,1
2,8,1,1
2,3,1,-1
2,3,9,0
2,9,24,-1
2,8,3,1
2,3,2,-1
2,10,4,1
2,7,4,1
2,1,8,-1
2,1,3,-1
2,9,1,-1
2,7,4,0
2,3,2,-1
2,10,2,1
2,3,4,-1
2,2,3,-1
2,9,11,1
2,8,5,-1
2,4,2,-1
2,8,7,-1
2,10,8,1
2,10,8,-1
2,1,9,-1
2,2,2,-1
2,10,0,1
2,8,0,1
2,9,2,1
2,6,0,-1
2,1,2,-1
2,1,12,-1
2,1,4,-1
2,9,1,1
2,1,14,-1
2,3,2,-1
2,8,4,0
2,9,3,1
2,10,33,1
2,2,8,-1
2,7,0,0
2,7,15,1
2,1,0,-1
2,5,3,-1
2,10,19,1
2,1,4,-1
2,1,1,-1
2,1,1,-1
2,8,6,1
2,2,4,0
2,1,2,-1
2,9,4,1
2,3,7,-1
2,7,3,-1
2,3,0,-1
2,8,5,0
2,7,15,-1
2,3,2,-1
2,10,1,1
2,5,0,0
2,10,2,1
2,1,9,-1
2,6,6,-1
2,1,3,1
2,10,1,1
2,5,11,-1
2,1,6,-1
2,10,1,1
2,5,2,-1
2,8,6,0
2,4,3,-1
2,3,1,-1
2,10,13,-1
2,8,3,1
2,1,36,0
2,9,1,1
2,9,2,-1
2,4,3,-1
2,7,10,-1
2,10,20,1
2,8,2,-1
2,1,7,-1
2,10,9,1
2,1,6,-1
2,7,3,0
2,1,0,-1
2,3,4,-1
2,1,6,-1
2,1,8,-1
2,5,1,-1
2,3,1,1
2,6,13,-1
2,7,5,1
2,7,2,-1
2,8,1,-1
2,3,7,-1
2,4,11,-1
2,8,4,-1
2,5,14,-1
2,8,9,1
2,1,10,-1
2,8,6,-1
2,4,2,1
2,8,7,1
2,8,0,1
2,5,4,-1
2,1,4,-1
2,8,0,1
2,1,0,-1
2,10,10,1
2,2,6,1
2,5,6,-1
2,3,0,-1
2,10,0,1
2,6,1,1
2,1,4,-1
2,10,5,1
2,1,2,-1
2,3,1,0
2,8,4,1
2,1,7,-1
2,5,0,1
2,7,1,0
2,9,2,1
2,2,1,-1
2,10,5,0
2,2,8,-1
2,9,3,1
2,8,0,1
2,8,4,1
2,6,2,1
2,1,2,-1
2,8,4,1
2,2,4,-1
2,3,8,1
2,1,1,-1
2,1,7,-1
2,10,2,1
2,5,7,-1
2,5,2,1
2,3,1,-1
2,6,7,-1
2,2,8,-1
2,8,4,-1
2,2,6,-1
2,3,13,0
2,7,8,0
2,9,2,0
2,9,10,1
2,8,1,0
2,7,1,-1
2,10,37,1
2,4,5,-1
2,6,0,0
2,10,13,-1
2,1,4,-1
2,1,3,-1
2,10,5,-1
2,7,0,1
2,3,0,1
2,10,7,-1
2,1,1,-1
2,1,1,-1
2,4,2,0
2,6,0,-1
2,10,10,0
2,2,4,-1
2,2,12,-1
2,4,8,-1
2,2,9,-1
2,1,5,-1
2,10,2,-1
2,9,6,-1
2,2,26,-1
2,1,0,-1
2,1,1,-1
2,6,2,0
2,3,7,-1
2,2,3,-1
2,6,0,0
2,9,5,1
2,7,4,-1
2,9,5,1
2,8,3,1
2,10,7,-1
2,8,4,-1
2,1,2,-1
2,10,11,-1
2,10,3,-1
2,2,7,-1
2,1,1,0
2,10,1,1
2,3,1,-1
2,2,3,-1
2,5,0,-1
2,9,8,-1
2,9,2,-1
2,10,6,1
2,6,16,-1
2,2,0,-1
2,10,0,1
2,4,3,-1
2,1,4,-1
2,9,7,1
2,3,1,-1
2,1,7,-1
2,5,8,-1
2,10,25,1
2,9,10,1
2,5,4,1
2,10,10,1
2,5,10,-1
2,3,1,-1
2,6,6,0
2,10,1,0
2,8,5,0
2,6,0,1
2,1,14,-1
2,10,0,1
2,3,26,-1
2,9,6,1
2,7,0,1
2,1,6,-1
2,1,6,-1
2,8,1,1
2,8,8,1
2,2,23,-1
2,7,0,1
2,3,2,-1
2,8,17,1
2,2,1,-1
2,9,10,1
2,1,5,-1
2,8,3,-1
2,1,2,-1
2,1,3,-1
2,1,6,-1
2,1,8,-1
2,8,7,1
2,6,1,-1
2,5,1,-1
2,3,11,0
2,4,1,-1
2,8,3,1
2,2,0,-1
2,3,9,1
2,8,1,-1
2,10,3,0
2,10,14,1
2,2,5,-1
2,1,5,-1
2,1,3,-1
2,7,21,1
2,5,4,-1
2,1,5,-1
2,7,2,0
2,9,6,-1
2,10,3,1
2,1,1,-1
2,1,9,0
2,7,4,-1
2,9,108,1
2,3,3,1
2,9,6,-1
2,10,5,1
2,5,8,-1
2,1,11,-1
2,9,2,1
2,1,9,-1
2,1,6,0
2,10,5,1
2,9,2,1
2,10,11,1
2,7,3,1
2,10,5,1
2,9,2,1
2,9,3,-1
2,8,0,1
2,4,12,-1
2,2,5,-1
2,2,7,-1
2,2,1,-1
2,8,7,-1
2,10,1,1
2,9,448,1
2,2,35,-1
2,4,1,0
2,4,2,0
2,1,9,-1
2,10,0,0
2,1,3,-1
2,1,8,-1
2,10,5,1
2,9,9,1
2,1,4,-1
2,9,19,1
2,3,3,-1
2,8,1,1
2,1,2,-1
2,4,1,1
2,10,3,-1
2,3,2,-1
2,4,3,0
2,1,8,-1
2,9,4,1
2,7,9,1
2,10,8,-1
2,9,3,1
2,1,8,-1
2,9,2,1
2,1,2,1
2,5,5,1
2,9,30,0
2,7,2,-1
2,2,1,1
2,10,12,1
2,10,17,1
2,4,5,-1
2,5,5,-1
2,8,4,1
2,5,3,-1
2,8,11,0
2,10,2,1
2,5,5,-1
2,2,0,1
2,1,6,-1
2,8,2,-1
2,1,1,0
2,10,0,1
2,7,0,0
2,5,0,0
2,10,6,-1
2,10,26,1
2,2,7,-1
2,5,1,1
2,7,33,1
2,10,5,1
2,4,3,1
2,3,7,-1
2,1,1,-1
2,7,6,0
2,6,2,-1
2,4,4,-1
2,7,2,0
2,8,1,-1
2,8,10,0
2,8,6,0
2,10,8,1
2,7,0,-1
2,6,1,0
2,1,8,-1
2,6,4,-1
2,1,1,-1
2,5,2,-1
2,8,0,1
2,1,9,-1
2,10,5,1
2,10,10,0
2,1,2,-1
2,6,5,0
2,10,0,0
2,3,1,-1
2,1,4,-1
2,5,4,-1
2,3,4,-1
2,8,6,-1
2,9,5,1
2,2,0,-1
2,10,31,-1
2,4,7,-1
2,10,10,-1
2,1,1,-1
2,1,4,-1
2,8,0,1
2,7,2,-1
2,9,4,0
2,10,6,-1
2,1,6,-1
2,3,0,-1
2,6,15,1
2,3,4,1
2,10,18,1
2,1,5,-1
2,1,6,-1
2,6,1,0
2,7,8,0
2,1,2,1
2,8,9,1
2,1,7,-1
2,1,4,-1
2,10,3,-1
2,6,2,-1
2,6,5,1
2,9,12,1
2,8,1,-1
2,5,7,1
2,7,0,-1
2,4,0,-1
2,8,1,1
2,5,2,-1
2,1,8,-1
2,8,0,0
2,1,1,-1
2,1,2,-1
2,3,6,-1
2,9,1,0
2,9,9,1
2,10,0,1
2,1,6,-1
2,7,1,-1
2,9,27,1
2,5,70,-1
2,10,5,1
2,3,0,-1
2,6,16,-1
2,7,5,-1
2,1,10,-1
2,9,1,1
2,10,13,1
2,7,2,-1
2,3,6,-1
2,3,1,-1
2,9,18,1
2,10,1,1
2,1,12,-1
2,5,5,-1
2,10,17,1
2,5,5,-1
2,2,5,-1
2,9,6,0
2,1,2,-1
2,7,2,0
2,9,0,1
2,10,0,1
2,9,6,1
2,3,3,-1
2,8,4,1
2,6,3,-1
2,6,2,1
2,10,4,-1
2,4,3,0
2,1,5,-1
2,10,5,-1
2,10,294,0
2,10,7,0
2,4,5,-1
2,9,16,1
2,10,8,-1
2,10,28,0
2,9,0,1
2,2,6,-1
2,3,17,-1
2,10,7,1
2,1,7,-1
2,6,1,-1
2,2,27,-1
2,10,8,1
2,9,0,-1
2,9,0,1
2,10,8,-1
2,1,5,-1
2,1,3,-1
2,4,3,-1
2,9,22,-1
2,4,2,-1
2,9,6,1
2,10,5,-1
2,8,8,1
2,8,6,1
2,10,5,1
2,5,2,-1
2,2,5,-1
2,3,1,-1
2,9,2,1
2,8,9,1
2,1,3,-1
2,1,17,-1
2,10,1,1
2,10,9,1
2,10,22,1
2,3,3,-1
2,6,15,-1
2,10,7,1
2,1,6,-1
2,9,10,-1
2,5,12,-1
2,3,2,-1
2,10,12,0
2,3,9,-1
2,3,0,-1
2,5,10,0
2,10,63,1
2,2,0,-1
2,1,8,-1
2,9,38,1
2,2,3,-1
2,3,11,-1
2,6,10,0
2,10,1,1
2,10,2,-1
2,9,3,1
2,10,1,1
2,2,7,-1
2,1,18,-1
2,5,3,0
2,10,8,1
2,4,6,0
2,10,0,1
2,4,13,-1
2,7,3,0
2,1,2,-1
2,9,8,1
2,1,1,0
2,3,1,-1
2,6,0,-1
2,1,3,-1
2,9,24,-1
2,10,5,0
2,8,1,0
2,9,5,1
2,4,0,-1
2,1,0,-1
2,10,10,0
2,1,0,-1
2,10,17,-1
2,1,1,-1
2,3,49,0
2,10,0,1
2,10,0,-1
2,1,5,-1
2,10,5,-1
2,10,3,1
2,10,0,1
2,1,12,-1
2,10,0,1
2,2,2,-1
2,2,0,-1
2,5,6,-1
2,3,1,-1
2,1,5,-1
2,8,4,1
2,8,1,1
2,10,2,1
2,2,4,-1
2,10,10,0
2,8,1,1
2,8,0,0
2,1,6,-1
2,4,3,0
2,4,8,-1
2,1,2,-1
2,4,1,-1
2,9,4,0
2,10,1,0
2,10,9,1
2,10,18,1
2,8,5,1
2,7,1,-1
2,5,2,0
2,10,10,-1
2,10,13,1
2,10,27,1
2,10,3,1
2,7,5,1
2,9,9,0
2,10,3,1
2,3,12,-1
2,1,3,-1
2,1,10,1
2,7,1,-1
2,7,0,0
2,8,3,0
2,8,21,1
2,4,11,-1
2,2,32,-1
2,2,2,-1
2,6,4,-1
2,10,0,1
2,10,9,1
2,5,2,-1
2,5,5,-1
2,4,3,1
2,2,6,-1
2,1,3,0
2,8,3,1
2,3,5,-1
2,10,22,1
2,1,11,1
2,10,0,1
2,3,0,1
2,9,6,1
2,2,5,-1
2,8,3,1
2,5,0,-1
2,2,0,-1
2,9,13,-1
2,6,0,1
2,9,2,1
2,2,9,-1
2,2,12,-1
2,10,3,-1
2,10,10,1
2,10,6,-1
2,10,7,1
2,8,8,1
2,8,1,-1
2,3,5,-1
2,9,3,1
2,8,1,-1
2,10,5,1
2,10,29,-1
2,10,9,1
2,8,9,-1
2,1,2,0
2,1,5,-1
2,10,0,1
2,4,14,1
2,6,1,-1
2,8,10,-1
2,10,10,-1
2,8,5,-1
2,3,0,-1
2,10,0,-1
2,3,4,-1
2,9,6,1
2,9,8,1
2,7,0,-1
2,7,3,0
2,10,6,1
2,3,4,-1
2,5,1,1
2,1,3,-1
2,4,5,-1
2,6,1,1
2,2,3,-1
2,1,3,-1
2,9,0,1
2,10,3,1
2,1,11,-1
2,10,5,1
2,4,1,-1
2,10,2,-1
2,6,5,-1
2,5,5,0
2,9,3,0
2,4,114,-1
2,6,18,-1
2,1,7,-1
2,7,1,0
2,4,2,-1
2,3,1,0
2,7,19,-1
2,1,1,-1
2,10,1,1
2,8,9,1
2,9,4,1
2,2,4,-1
2,10,17,0
2,1,5,-1
2,3,4,-1
2,6,17,-1
2,9,24,1
2,7,1,1
2,7,3,-1
2,1,12,-1
2,5,1,1
2,1,16,-1
2,1,2,-1
2,1,5,1
2,5,9,-1
2,1,2,-1
2,3,2,1
2,8,1,0
2,2,8,-1
2,1,5,-1
2,1,9,-1
2,1,0,-1
2,7,1,1
2,3,5,0
2,10,32,-1
2,6,5,-1
2,7,8,1
2,10,52,1
2,3,5,-1
2,2,3,-1
2,3,3,0
2,1,7,-1
2,8,1,-1
2,2,1,0
2,10,7,1
2,10,0,1
2,1,2,-1
2,10,9,0
2,10,4,1
2,3,1,-1
2,5,4,-1
2,2,25,0
2,10,6,-1
2,6,0,-1
2,1,0,-1
2,10,4,0
2,7,2,-1
2,1,7,-1
2,9,3,1
2,5,6,-1
2,6,9,-1
2,5,4,-1
2,2,24,-1
2,1,5,0
2,4,1,1
2,6,7,-1
2,3,9,-1
2,5,3,-1
2,3,1,-1
2,9,1,1
2,8,3,-1
2,6,1,1
2,3,11,-1
2,10,11,1
2,7,12,0
2,8,0,-1
2,9,1,0
2,1,14,-1
2,5,2,0
2,2,3,1
2,10,1,1
2,1,6,-1
2,1,5,0
2,3,3,-1
2,5,3,-1
2,10,2,1
2,8,0,1
2,8,0,0
2,2,1,-1
2,5,3,-1
2,7,9,1
2,4,3,-1
2,1,3,-1
2,10,1,1
2,2,8,-1
2,7,2,-1
2,4,1,0
2,10,11,-1
2,6,5,-1
2,10,4,1
2,5,2,1
2,8,1,1
2,3,4,-1
2,7,2,1
2,10,3,1
2,10,4,1
2,10,1,1
2,3,2,1
2,10,16,0
2,9,4,1
2,1,28,-1
2,4,1,1
2,3,2,-1
2,3,11,-1
2,1,9,-1
2,6,23,-1
2,8,1,-1
2,8,1,-1
2,10,17,0
2,4,4,-1
2,1,0,-1
2,3,4,-1
2,3,2,-1
2,10,9,1
2,2,1,-1
2,2,2,-1
2,2,60,0
2,3,1,-1
2,2,2,-1
2,1,1,-1
2,1,0,-1
2,6,1,-1
2,4,2,-1
2,3,0,-1
2,9,5,-1
2,3,14,-1
2,7,3,0
2,9,0,1
2,5,0,0
2,2,2,-1
2,10,16,1
2,3,3,-1
2,4,0,-1
2,10,7,0
2,6,1,-1
2,4,5,-1
2,9,5,1
2,9,1,1
2,1,6,-1
2,10,0,1
2,9,7,1
2,8,10,1
2,1,0,-1
2,10,4,1
2,8,11,1
2,1,0,-1
2,10,3,1
2,2,16,-1
2,1,1,-1
2,1,6,-1
2,2,1,-1
2,10,5,-1
2,5,25,-1
2,1,5,1
2,9,5,-1
2,8,5,1
2,6,30,-1
2,8,7,1
2,10,29,0
2,4,2,0
2,8,6,1
2,9,14,1
2,6,2,-1
2,8,5,1
2,10,4,0
2,10,7,0
2,9,12,0
2,1,6,-1
2,10,9,-1
2,4,0,-1
2,2,5,-1
2,9,2,0
2,2,5,-1
2,10,2,-1
2,10,7,1
2,8,3,-1
2,6,0,-1
2,6,0,-1
2,1,5,-1
2,2,8,-1
2,9,4,1
2,5,0,0
2,10,5,1
2,1,0,-1
2,7,10,1
2,1,0,-1
2,1,7,-1
2,4,3,-1
2,5,7,-1
2,2,4,-1
2,1,4,-1
2,2,0,0
2,4,6,-1
2,3,0,-1
2,1,3,-1
2,9,8,1
2,10,7,1
2,1,1,-1
2,5,3,0
2,10,9,1
2,7,2,1
2,10,9,1
2,1,4,1
2,8,2,-1
2,5,6,-1
2,10,2,-1
2,9,3,1
2,4,8,-1
2,2,1,-1
2,1,14,-1
2,4,7,-1
2,1,0,-1
2,8,0,1
2,8,1,1
2,5,4,0
2,7,3,-1
2,1,12,-1
2,10,18,1
2,6,4,1
2,9,1,1
2,8,1,0
2,7,4,-1
2,10,15,1
2,2,3,-1
2,10,5,1
2,10,11,1
2,9,37,1
2,2,5,0
2,10,3,1
2,9,8,1
2,10,18,1
2,7,5,0
2,10,15,1
2,1,3,-1
2,10,108,1
2,4,2,1
2,7,0,-1
2,3,5,0
2,5,47,-1
2,10,251,0
2,10,7,1
2,2,3,-1
2,2,2,-1
2,4,3,-1
2,10,6,1
2,4,8,-1
2,1,11,-1
2,3,9,0
2,4,31,-1
2,3,4,0
2,7,6,0
2,9,3,1
2,6,1,1
2,8,1,0
2,1,5,-1
2,10,12,1
2,9,2,1
2,1,7,0
2,5,10,0
2,3,7,-1
2,3,5,-1
2,9,2,0
2,1,1,-1
2,2,35,-1
2,9,104,1
2,10,5,1
2,4,3,-1
2,8,7,-1
2,10,8,0
2,6,7,-1
2,9,2,0
2,5,2,-1
2,5,2,-1
2,2,2,-1
2,10,8,1
2,10,6,1
2,1,13,-1
2,1,5,-1
2,8,22,1
2,10,4,0
2,2,8,-1
2,8,0,1
2,6,1,1
2,10,19,1
2,1,2,-1
2,7,2,0
2,3,10,-1
2,5,2,-1
2,10,1,1
2,10,1,1
2,10,6,1
2,7,0,-1
2,9,21,1
2,5,1,-1
2,7,3,-1
2,1,1,-1
2,8,11,0
2,3,1,-1
2,6,0,1
2,4,7,-1
2,6,17,-1
2,9,0,1
2,1,3,-1
2,4,1,-1
2,10,9,1
2,2,3,-1
2,10,10,-1
2,5,0,-1
2,10,5,0
2,1,5,-1
2,5,0,-1
2,3,7,-1
2,9,0,0
2,5,5,-1
2,7,7,0
2,1,0,-1
2,3,1,1
2,4,1,-1
2,2,3,-1
2,6,13,0
2,9,4,1
2,10,6,-1
2,1,3,-1
2,8,1,-1
2,4,26,-1
2,5,1,0
2,5,7,-1
2,5,7,-1
2,1,11,-1
2,10,0,1
2,9,35,1
2,5,2,-1
2,10,1,0
2,8,8,0
2,3,3,-1
2,7,4,-1
2,7,7,-1
2,2,14,-1
2,9,7,1
2,7,6,-1
2,2,1,-1
2,10,11,1
2,3,5,-1
2,10,12,0
2,1,6,1
2,5,5,0
2,10,5,0
2,9,7,1
2,10,0,0
2,10,3,1
2,3,6,1
2,8,5,1
2,9,0,0
2,9,5,0
2,1,7,-1
2,1,1,-1
2,5,0,-1
2,10,1,1
2,9,1,-1
2,8,2,-1
2,10,0,1
2,7,11,-1
2,10,0,1
2,4,3,-1
2,8,1,1
2,3,5,-1
2,3,5,-1
2,3,0,-1
2,9,4,1
2,6,1,-1
2,10,1,1
2,2,5,1
2,3,3,-1
2,5,3,0
2,3,0,-1
2,5,0,1
2,2,83,0
2,2,1,-1
2,2,6,-1
2,1,4,-1
2,3,2,-1
2,2,7,-1
2,9,1,1
2,10,14,1
2,10,3,1
2,9,0,0
2,3,7,-1
2,5,5,-1
2,1,6,-1
2,10,3,1
2,1,1,-1
2,1,4,-1
2,9,0,1
2,8,4,-1
2,2,2,-1
2,8,3,0
2,6,3,0
2,1,9,-1
2,1,4,-1
2,10,2,1
2,6,1,-1
2,5,0,-1
2,1,2,-1
2,4,13,1
2,5,7,-1
2,1,7,-1
2,8,0,1
2,2,4,-1
2,8,3,0
2,1,1,-1
2,1,5,-1
2,3,0,1
2,2,5,-1
2,1,18,-1
2,10,1,1
2,8,10,-1
2,5,5,-1
2,10,8,1
2,10,1,1
2,5,7,1
2,3,5,-1
2,7,2,-1
2,4,9,-1
2,5,7,-1
2,5,24,-1
2,4,7,-1
2,5,2,-1
2,8,9,1
2,9,3,1
2,8,0,1
2,1,0,-1
2,9,6,1
2,2,9,-1
2,6,5,-1
2,8,3,0
2,2,7,-1
2,1,1,-1
2,10,5,-1
2,8,1,-1
2,5,3,-1
2,2,13,0
2,5,2,-1
2,7,0,-1
2,9,1,1
2,1,7,-1
2,1,0,0
2,10,4,0
2,5,0,-1
2,1,8,-1
2,9,13,0
2,8,6,0
2,5,6,-1
2,5,2,-1
2,9,1,1
2,5,15,0
2,2,2,-1
2,2,12,-1
2,8,2,0
2,8,1,1
2,5,6,-1
2,8,3,-1
2,8,1,1
2,8,7,1
2,10,0,1
2,10,15,1
2,3,14,0
2,3,3,-1
2,9,103,1
2,8,0,-1
2,6,8,-1
2,10,7,1
2,2,0,-1
2,9,4,1
2,1,5,-1
2,8,0,1
2,1,0,1
2,2,2,0
2,10,0,1
2,5,6,-1
2,10,2,-1
2,10,0,0
2,8,7,0
2,4,4,-1
2,9,2,1
2,9,2,0
2,9,102,0
2,7,15,0
2,9,29,0
2,10,1,0
2,10,3,0
2,9,8,-1
2,8,1,1
2,4,14,-1
2,3,16,-1
2,9,2,0
2,9,4,1
2,8,3,0
2,3,1,-1
2,9,12,-1
2,7,10,1
2,9,0,-1
2,10,43,1
2,9,2,0
2,8,5,-1
2,10,12,1
2,10,10,-1
2,9,6,1
2,4,2,0
2,7,8,-1
2,2,5,1
2,10,2,0
2,10,5,-1
2,5,5,-1
2,8,2,1
2,10,0,1
2,5,5,-1
2,7,5,-1
2,8,3,-1
2,10,1,1
2,8,1,1
2,10,1,0
2,3,3,-1
2,1,10,-1
2,7,1,0
2,10,1,-1
2,9,4,-1
2,9,7,0
2,5,2,-1
2,8,82,-1
2,2,6,-1
2,9,14,0
2,9,2,-1
2,10,27,0
2,10,1,1
2,10,7,-1
2,10,3,-1
2,7,4,1
2,1,0,-1
2,8,2,-1
2,1,1,-1
2,10,3,1
2,8,4,-1
2,9,5,-1
2,10,1,1
2,8,8,0
2,8,13,1
2,8,0,-1
2,1,0,-1
2,9,1,1
2,10,22,1
2,6,6,0
2,3,13,0
2,1,14,-1
2,1,5,-1
2,10,14,1
2,10,2,-1
2,1,1,-1
2,7,4,-1
2,9,3,1
2,10,8,1
2,10,28,1
2,9,4,-1
2,10,13,1
2,3,46,0
2,8,25,-1
2,8,12,0
2,6,4,-1
2,4,1,-1
2,10,6,-1
2,10,4,1
2,10,4,-1
2,6,0,-1
2,5,0,-1
2,8,14,1
2,1,4,-1
2,10,19,0
2,7,4,-1
2,1,0,-1
2,10,8,-1
2,10,0,1
2,5,5,-1
2,9,0,1
2,10,1,1
2,8,14,0
2,10,234,-1
2,7,2,-1
2,10,4,-1
2,3,1,-1
2,9,0,1
2,10,7,1
2,9,0,1
2,9,16,1
2,5,9,-1
2,7,1,1
2,10,11,0
2,10,2,1
2,10,3,-1
2,6,60,0
2,10,8,1
2,8,1,1
2,6,14,-1
2,4,1,-1
2,10,3,1
2,3,15,1
2,8,3,0
2,7,1,-1
2,10,4,-1
2,10,7,1
2,7,8,1
2,10,5,1
2,9,3,-1
2,8,0,0
2,10,7,0
2,9,7,0
2,7,14,-1
2,8,1,0
2,10,8,1
2,6,0,-1
2,5,8,-1
2,10,5,1
2,10,1,-1
2,2,3,1
2,10,8,1
2,10,14,-1
2,6,4,1
2,8,2,0
2,10,3,1
2,9,28,1
2,3,7,-1
2,10,1,1
2,7,3,1
2,9,27,-1
2,8,5,-1
2,5,1,-1
2,7,6,-1
2,6,1,0
2,2,15,-1
2,1,6,0
2,1,4,-1
2,10,1,1
2,6,1,-1
2,10,10,1
2,9,4,1
2,10,29,1
2,9,5,-1
2,9,14,1
2,10,4,-1
2,4,6,-1
2,9,11,1
2,5,1,-1
2,7,3,-1
2,6,0,0
2,9,6,0
2,8,2,1
2,8,7,-1
2,3,140,1
2,5,19,-1
2,1,4,-1
2,8,2,-1
2,8,1,-1
2,10,4,-1
2,9,15,1
2,1,2,-1
2,1,5,-1
2,5,3,-1
2,4,15,-1
2,9,1,1
2,1,13,-1
2,9,4,1
2,10,3,1
2,10,4,0
2,9,3,1
2,10,8,1
2,1,13,-1
2,8,4,-1
2,8,1,0
2,2,3,-1
2,10,1,1
2,10,7,0
2,9,108,-1
2,6,0,1
2,8,0,1
2,10,2,1
2,3,5,-1
2,2,2,-1
2,3,204,-1
2,8,0,-1
2,10,2,-1
2,1,7,-1
2,9,1,0
2,2,1,-1
2,10,1,0
2,8,0,1
2,2,7,-1
2,7,16,1
2,9,0,-1
2,7,7,1
2,10,3,1
2,8,4,-1
2,5,7,-1
2,7,8,1
2,6,2,1
2,1,3,1
2,9,39,0
2,9,0,1
2,6,4,-1
2,6,2,-1
2,10,3,1
2,2,262,-1
2,10,22,0
2,1,6,-1
2,10,40,1
2,10,21,-1
2,10,4,1
2,10,5,0
2,7,1,-1
2,4,0,-1
2,9,3,1
2,10,2,0
2,10,2,1
2,5,9,-1
2,3,0,-1
2,8,7,-1
2,5,2,-1
2,10,1,1
2,10,10,1
2,8,1,-1
2,8,0,1
2,6,0,-1
2,6,12,1
2,10,5,1
2,5,2,-1
2,10,190,1
2,10,8,-1
2,8,4,1
2,1,2,-1
2,4,7,-1
2,6,1,-1
2,5,1,-1
2,10,6,1
2,10,3,1
2,10,3,1
2,9,3,1
2,5,4,-1
2,6,0,0
2,10,4,0
2,10,10,1
2,10,5,1
2,9,11,0
2,10,2,1
2,4,4,-1
2,2,14,1
2,8,1,-1
2,1,2,-1
2,9,4,-1
2,8,3,-1
2,7,3,0
2,7,4,-1
2,10,5,1
2,6,0,-1
2,10,12,-1
2,10,7,1
2,10,2,1
2,10,22,1
2,8,3,-1
2,10,2,1
2,9,2,-1
2,1,3,-1
2,7,3,-1
2,10,3,1
2,7,2,-1
2,10,3,1
2,10,0,1
2,5,5,-1
2,10,1,1
2,9,0,1
2,10,4,1
2,10,10,1
2,7,0,-1
2,2,13,-1
2,10,5,1
2,10,2,1
2,9,16,1
2,7,24,-1
2,5,0,-1
2,9,10,0
2,10,15,-1
2,9,6,1
2,10,7,-1
2,1,26,-1
2,7,17,1
2,5,0,-1
2,7,2,-1
2,9,3,1
2,8,0,-1
2,8,1,-1
2,10,41,1
2,10,6,0
2,2,5,-1
2,8,0,1
2,10,6,1
2,9,1,-1
2,9,5,1
2,10,4,0
2,1,2,-1
2,10,9,1
2,8,10,0
2,10,9,1
2,8,10,-1
2,8,10,1
2,9,0,1
2,10,3,1
2,8,0,-1
2,8,10,1
2,3,2,-1
2,10,2,1
2,6,2,-1
2,3,2,1
2,10,0,1
2,6,2,0
2,3,0,-1
2,1,9,0
2,5,0,-1
2,1,0,-1
2,3,1,-1
2,9,3,1
2,9,1,1
2,1,63,-1
2,1,1,-1
2,10,8,1
2,10,1,-1
2,6,1,-1
2,10,4,1
2,10,10,1
2,10,4,-1
2,10,15,0
2,10,1,-1
2,9,50,1
2,7,3,-1
2,10,1,1
2,3,7,-1
2,6,3,1
2,9,5,1
2,10,12,1
2,2,9,-1
2,3,7,-1
2,8,3,0
2,10,5,1
2,10,1,0
2,9,3,-1
2,10,1,1
2,10,2,1
2,10,7,-1
2,10,5,-1
2,8,6,-1
2,10,3,1
2,9,29,1
2,9,3,-1
2,5,13,0
2,10,21,1
2,8,0,-1
2,10,6,-1
2,3,5,-1
2,10,0,-1
2,1,7,-1
2,10,3,-1
2,10,9,-1
2,10,5,1
2,8,0,0
2,8,7,-1
2,1,7,-1
2,10,4,1
2,9,0,0
2,10,6,-1
2,9,4,1
2,10,7,-1
2,7,1,1
2,7,0,-1
2,7,2,-1
2,10,7,-1
2,6,15,1
2,9,0,1
2,9,5,0
2,10,9,-1
2,2,1,-1
2,1,34,-1
2,10,2,1
2,10,8,1
2,9,43,1
2,10,3,1
2,10,17,1
2,10,1,1
2,5,2,0
2,7,1,-1
2,6,1,-1
2,3,14,-1
2,1,9,-1
2,1,3,-1
2,4,3,-1
2,8,0,1
2,8,4,1
2,10,3,1
2,8,37,0
2,1,0,0
2,10,1,-1
2,9,1,-1
2,5,12,0
2,8,7,-1
2,7,0,-1
2,4,3,0
2,10,2,1
2,9,3,1
2,7,0,-1
2,10,0,0
2,8,6,1
2,8,1,0
2,6,9,1
2,3,7,-1
2,9,0,-1
2,9,4,1
2,1,5,-1
2,7,4,0
2,9,9,-1
2,10,1,1
2,2,3,-1
2,9,3,1
2,8,13,1
2,10,8,1
2,10,1,1
2,3,8,-1
2,10,4,-1
2,1,8,-1
2,10,9,1
2,10,11,0
2,1,2,-1
2,8,1,-1
2,9,2,1
2,5,4,-1
2,1,15,1
2,8,1,0
2,1,4,-1
2,6,5,-1
2,1,4,-1
2,10,8,1
2,2,23,-1
2,4,11,-1
2,9,13,1
2,6,6,0
2,8,4,-1
2,7,3,-1
2,10,12,1
2,10,10,1
2,10,2,1
2,10,44,1
2,9,12,0
2,10,3,1
2,9,5,-1
2,10,3,1
2,8,4,0
2,8,2,-1
2,9,0,1
2,8,2,0
2,8,1,-1
2,5,1,-1
2,10,9,1
2,10,1,-1
2,10,9,1
2,1,2,-1
2,10,2,1
2,9,5,1
2,9,4,1
2,2,4,-1
2,9,4,1
2,7,2,-1
2,6,13,-1
2,5,5,0
2,2,5,-1
2,9,9,1
2,8,2,1
2,6,1,-1
2,10,14,-1
2,9,4,-1
2,9,10,1
2,3,16,-1
2,1,2,-1
2,4,1,-1
2,2,3,-1
2,10,3,0
2,10,7,1
2,10,6,1
2,9,6,1
2,8,22,1
2,10,8,0
2,10,3,1
2,10,6,1
2,10,5,1
2,10,6,1
2,9,4,-1
2,9,4,-1
2,10,8,1
2,7,0,-1
2,10,0,1
2,10,2,-1
2,3,9,-1
2,5,2,1
2,5,3,0
2,3,3,-1
2,6,2,-1
2,10,0,1
2,5,8,-1
2,4,0,-1
2,6,2,0
2,8,1,-1
2,6,4,1
2,8,3,0
2,5,3,-1
2,9,4,-1
2,2,3,-1
2,10,17,1
2,8,2,-1
2,9,7,0
2,9,6,1
2,9,1,-1
2,5,6,-1
2,6,5,-1
2,1,5,0
2,6,1,-1
2,9,0,1
2,8,5,-1
2,2,5,-1
2,9,2,1
2,3,5,-1
2,1,7,-1
2,10,0,1
2,2,2,0
2,3,3,-1
2,10,2,0
2,7,1,-1
2,9,5,0
2,5,19,1
2,7,0,-1
2,10,63,-1
2,1,17,-1
2,8,5,-1
2,7,2,-1
2,9,2,1
2,10,0,-1
2,10,2,1
2,4,1,0
2,6,2,-1
2,1,4,-1
2,1,3,-1
2,8,0,1
2,6,15,1
2,10,0,1
2,9,9,0
2,4,2,-1
2,10,9,-1
2,4,1,-1
2,10,6,1
2,9,131,-1
2,9,3,-1
2,8,3,1
2,5,0,-1
2,3,0,-1
2,10,0,0
2,4,5,-1
2,1,5,-1
2,10,16,1
2,10,1,-1
2,5,9,-1
2,4,9,-1
2,10,6,1
2,10,0,0
2,9,7,0
2,7,13,0
2,1,45,-1
2,9,7,1
2,6,5,-1
2,2,3,-1
2,8,1,1
2,6,16,-1
2,6,1,-1
2,9,31,1
2,8,1,0
2,4,11,0
2,10,0,-1
2,9,3,0
2,5,3,-1
2,10,39,1
2,10,1,1
2,10,8,1
2,9,5,1
2,9,3,-1
2,10,6,1
2,10,31,1
2,10,4,0
2,9,5,-1
2,1,13,0
2,9,0,1
2,6,11,-1
2,1,3,-1
2,2,1,1
2,7,6,-1
2,2,1,1
2,2,0,-1
2,9,1,1
2,8,1,1
2,9,19,1
2,3,4,-1
2,1,9,-1
2,10,3,1
2,10,7,1
2,10,17,1
2,9,4,1
2,5,2,-1
2,5,10,0
2,5,2,0
2,10,5,0
2,7,0,-1
2,10,4,0
2,8,1,0
2,9,0,0
2,9,10,-1
2,8,5,-1
2,5,2,-1
2,1,13,-1
2,1,4,-1
2,5,8,-1
2,10,3,0
2,7,8,-1
2,8,6,1
2,10,21,1
2,8,1,-1
2,10,5,1
2,10,15,0
2,4,0,-1
2,10,6,1
2,10,1,-1
2,3,4,1
2,1,11,-1
2,5,4,1
2,7,18,0
2,10,12,-1
2,8,0,-1
2,3,4,-1
2,9,5,0
2,3,1,-1
2,10,0,1
2,9,2,1
2,7,1,-1
2,10,15,1
2,10,7,1
2,9,4,1
2,7,2,-1
2,8,1,-1
2,9,14,1
2,6,15,-1
2,6,1,-1
2,6,5,-1
2,5,79,-1
2,2,7,-1
2,9,14,1
2,10,3,-1
2,9,235,1
2,10,16,1
2,8,6,-1
2,1,3,-1
2,10,4,1
2,2,7,-1
2,6,0,-1
2,2,3,-1
2,5,6,-1
2,10,13,1
2,7,10,1
2,1,12,-1
2,4,2,-1
2,10,3,1
2,5,3,0
2,8,7,1
2,10,4,1
2,3,6,0
2,9,15,1
2,1,11,-1
2,10,3,1
2,9,2,1
2,6,7,-1
2,5,7,0
2,9,9,-1
2,10,3,0
2,9,22,1
2,10,2,1
2,6,4,1
2,3,5,-1
2,10,18,1
2,2,13,0
2,3,0,0
2,7,9,0
2,7,1,-1
2,4,5,-1
2,10,3,1
2,10,2,-1
2,8,31,-1
2,5,2,0
2,1,5,-1
2,2,2,-1
2,9,0,-1
2,10,5,0
2,9,0,1
2,6,1,0
2,10,5,1
2,6,7,-1
2,5,8,0
2,7,1,-1
2,6,2,1
2,9,23,0
2,1,1,-1
2,2,1,-1
2,3,4,-1
2,8,12,1
2,10,24,-1
2,1,3,-1
2,9,0,-1
2,5,0,0
2,8,1,-1
2,1,10,-1
2,9,10,1
2,10,43,-1
2,2,4,-1
2,9,0,-1
2,3,4,-1
2,2,11,-1
2,1,4,-1
2,9,48,1
2,9,3,1
2,10,1,1
2,10,2,1
2,8,9,-1
2,3,0,1
2,1,470,-1
2,10,7,-1
2,9,3,-1
2,10,0,-1
2,9,7,-1
2,10,2,-1
2,8,3,-1
2,1,1,-1
2,5,3,-1
2,5,0,-1
2,6,0,-1
2,7,8,-1
2,6,2,-1
2,1,4,-1
2,9,2,-1
2,8,4,-1
2,9,1,0
2,1,8,-1
2,10,3,-1
2,7,6,-1
2,9,6,1
2,1,6,-1
2,5,0,-1
2,6,0,-1
2,10,4,1
2,6,0,-1
2,9,16,0
2,9,1,-1
2,8,3,-1
2,5,2,0
2,3,0,-1
2,10,7,0
2,9,11,0
2,2,1,-1
2,6,3,0
2,10,1,1
2,4,8,0
2,10,5,-1
2,1,9,-1
2,1,5,-1
2,4,5,-1
2,10,2,1
2,9,6,0
2,7,0,-1
2,2,5,-1
2,10,4,1
2,10,3,1
2,9,8,0
2,8,0,-1
2,7,1,-1
2,10,2,1
2,9,1,0
2,1,4,-1
2,9,0,1
2,5,1,-1
2,4,7,-1
2,8,0,-1
2,9,13,-1
2,8,1,0
2,1,6,-1
2,5,2,-1
2,8,9,-1
2,7,8,-1
2,2,7,-1
2,10,5,1
2,10,0,1
2,1,4,-1
2,5,4,-1
2,8,15,1
2,7,3,-1
2,4,0,0
2,10,0,1
2,9,0,-1
2,1,3,-1
2,9,2,1
2,9,6,-1
2,1,7,-1
2,1,2,-1
2,9,28,-1
2,10,35,-1
2,10,3,1
2,10,9,1
2,5,2,-1
2,10,7,1
2,8,0,1
2,8,1,0
2,9,7,1
2,9,4,-1
2,1,12,-1
2,9,8,1
2,8,2,0
2,9,3,1
2,7,3,-1
2,9,17,-1
2,9,19,1
2,9,9,1
2,10,37,1
2,9,14,1
2,3,7,-1
2,6,21,-1
2,2,7,-1
2,8,4,-1
2,6,2,1
2,8,48,-1
2,10,42,1
2,10,20,0
2,2,15,1
2,9,46,1
2,9,0,1
2,9,3,-1
2,6,2,0
2,7,3,0
2,2,1,-1
2,9,8,1
2,10,1,-1
2,7,5,1
2,10,18,1
2,5,4,-1
2,10,5,-1
2,1,2,-1
2,10,4,0
2,10,32,1
2,1,3,-1
2,2,14,0
2,1,3,-1
2,5,2,-1
2,6,7,1
2,10,11,1
2,10,5,-1
2,9,1,0
2,2,3,-1
2,7,1,-1
2,10,7,1
2,7,7,-1
2,6,4,-1
2,9,6,0
2,5,22,-1
2,5,3,-1
2,9,5,-1
2,10,1,1
2,2,3,-1
2,9,1,1
2,3,6,-1
2,9,9,1
2,10,15,1
2,5,2,1
2,9,7,-1
2,9,0,1
2,8,1,-1
2,10,0,1
2,9,48,1
2,10,1,1
2,1,3,-1
2,1,0,-1
2,10,5,0
2,7,2,-1
2,9,0,1
2,4,0,-1
2,6,5,-1
2,1,0,0
2,10,9,0
2,7,2,0
2,6,1,-1
2,5,8,1
2,1,4,-1
2,9,6,0
2,5,1,-1
2,9,2,1
2,5,0,-1
2,10,8,1
2,9,4,1
2,3,6,-1
2,6,2,-1
2,3,2,-1
2,4,1,1
2,6,14,-1
2,5,0,-1
2,9,5,1
2,6,0,-1
2,6,4,-1
2,10,1,1
2,3,18,-1
2,9,18,0
2,1,2,-1
2,9,6,1
2,10,4,1
2,9,0,-1
2,1,20,-1
2,2,0,0
2,10,7,1
2,3,7,0
2,10,3,1
2,9,6,1
2,10,6,1
2,2,0,-1
2,10,7,1
2,9,2,1
2,9,29,1
2,6,1,-1
2,10,22,1
2,5,0,-1
2,5,0,0
2,1,4,-1
2,2,0,-1
2,1,6,-1
2,9,3,0
2,5,3,-1
2,9,16,-1
2,4,7,-1
2,1,2,-1
2,10,10,1
2,10,0,1
2,5,2,-1
2,5,4,-1
2,5,5,-1
2,10,172,1
2,10,14,1
2,2,1,0
2,8,1,0
2,8,0,0
2,8,1,1
2,9,55,0
2,5,1,-1
2,7,1,-1
2,9,6,-1
2,9,1,0
2,8,1,-1
2,8,3,1
2,5,0,1
2,3,2,-1
2,3,5,-1
2,10,18,1
2,8,0,1
2,1,3,-1
2,1,0,-1
2,8,0,-1
2,1,4,-1
2,10,18,1
2,10,4,1
2,10,15,1
2,9,3,1
2,3,9,0
2,8,9,1
2,10,9,0
2,10,1,1
2,3,3,-1
2,9,5,-1
2,10,15,1
2,8,2,-1
2,10,8,1
2,2,0,-1
2,10,9,-1
2,10,7,1
2,10,2,1
2,2,5,-1
2,3,11,1
2,9,1,0
2,6,12,1
2,5,4,-1
2,2,6,-1
2,1,1,-1
2,6,1,-1
2,10,8,1
2,10,5,1
2,10,5,1
2,1,4,-1
2,10,2,1
2,5,1,-1
2,9,14,1
2,10,2,-1
2,1,7,-1
2,6,4,1
2,10,7,1
2,7,0,0
2,4,0,-1
2,9,3,-1
2,10,5,0
2,10,11,1
2,10,6,-1
2,10,6,1
2,8,2,0
2,10,38,-1
2,1,12,-1
2,5,1,0
2,8,1,0
2,8,0,-1
2,1,18,-1
2,10,1,-1
2,10,16,1
2,10,89,0
2,9,2,1
2,9,5,0
2,7,1,1
2,7,3,-1
2,9,1,-1
2,9,3,-1
2,10,72,1
2,10,26,1
2,1,10,-1
2,5,1,1
2,10,1,1
2,9,4,1
2,5,36,-1
2,3,4,-1
2,8,4,1
2,10,7,1
2,1,8,-1
2,9,2,1
2,10,19,0
2,1,1,-1
2,1,10,-1
2,4,4,-1
2,10,3,0
2,1,4,-1
2,10,46,-1
2,2,0,-1
2,10,2,1
2,10,5,-1
2,10,5,1
2,9,5,1
2,9,8,0
2,2,1,-1
2,1,2,-1
2,6,0,-1
2,10,1,-1
2,9,0,-1
2,9,0,1
2,6,1,1
2,10,19,1
2,1,48,-1
2,7,7,0
2,7,30,0
2,10,10,-1
2,10,7,0
2,10,46,1
2,10,29,0
2,3,3,-1
2,10,19,0
2,9,252,1
2,9,4,1
2,1,4,-1
2,10,0,-1
2,8,3,1
2,10,20,-1
2,4,22,0
2,5,9,1
2,1,8,-1
2,2,2,-1
2,5,1,1
2,10,1,0
2,7,3,-1
2,8,0,-1
2,10,41,-1
2,9,1,-1
2,9,5,1
2,7,1,1
2,8,1,-1
2,10,0,1
2,1,2,-1
2,1,8,-1
2,10,9,1
2,7,2,-1
2,8,5,0
2,8,2,-1
2,2,25,0
2,5,25,-1
2,9,42,1
2,10,34,-1
2,5,5,-1
2,10,0,0
2,9,8,0
2,2,2,-1
2,1,4,-1
2,7,8,1
2,2,11,-1
2,1,0,-1
2,3,0,-1
2,9,11,1
2,9,5,-1
2,9,8,1
2,10,7,0
2,4,0,-1
2,10,6,1
2,4,1,0
2,1,4,-1
2,5,2,1
2,1,2,-1
2,1,0,-1
2,10,2,1
2,8,1,0
2,10,3,1
2,10,5,1
2,1,3,-1
2,1,8,-1
2,4,1,0
2,10,5,1
2,7,5,-1
2,3,4,-1
2,8,10,-1
2,8,1,1
2,1,1,-1
2,6,1,0
2,2,2,-1
2,10,39,1
2,7,0,1
2,10,0,1
2,7,2,-1
2,8,1,0
2,7,6,0
2,5,4,-1
2,7,0,1
2,10,1,1
2,1,2,-1
2,6,4,-1
2,3,4,-1
2,10,9,1
2,10,20,1
2,4,21,-1
2,10,4,1
2,9,6,1
2,10,3,-1
2,4,3,1
2,8,7,1
2,5,1,-1
2,8,3,1
2,10,2,1
2,2,4,-1
2,6,2,-1
2,5,1,-1
2,1,4,-1
2,4,4,-1
2,10,2,1
2,4,5,-1
2,10,123,1
2,5,4,-1
2,5,1,-1
2,10,2,-1
2,8,9,-1
2,7,2,-1
2,10,4,1
2,8,0,-1
2,8,2,-1
2,10,4,1
2,9,19,-1
2,10,3,-1
2,8,4,1
2,10,1,-1
2,9,3,-1
2,8,3,-1
2,9,14,0
2,10,1,1
2,3,1,1
2,2,7,-1
2,9,3,1
2,9,3,1
2,9,22,1
2,10,33,1
2,8,0,1
2,10,3,0
2,8,0,-1
2,1,3,-1
2,8,13,1
2,8,1,-1
2,9,2,1
2,1,5,-1
2,4,0,-1
2,9,2,-1
2,1,7,-1
2,2,12,-1
2,10,4,1
2,5,5,-1
2,9,1,1
2,6,1,1
2,5,0,-1
2,5,5,-1
2,6,4,-1
2,6,3,-1
2,3,0,-1
2,10,8,0
2,8,4,-1
2,7,0,1
2,10,1,1
2,9,2,1
2,8,13,0
2,1,5,-1
2,4,2,-1
2,5,1,-1
2,10,4,0
2,10,1,1
2,5,5,-1
2,2,5,-1
2,3,3,-1
2,4,1,-1
2,8,0,-1
2,5,4,-1
2,8,1,1
2,10,0,0
2,10,11,1
2,8,6,1
2,9,7,1
2,10,12,0
2,3,4,-1
2,9,7,0
2,2,26,-1
2,1,14,-1
2,10,12,1
2,1,0,-1
2,7,4,-1
2,8,3,0
2,1,0,-1
2,1,12,-1
2,10,10,0
2,10,4,0
2,6,0,-1
2,5,1,-1
2,5,2,1
2,9,2,1
2,10,7,-1
2,8,5,-1
2,9,2,-1
2,8,1,1
2,9,13,1
2,10,3,-1
2,8,1,0
2,10,6,1
2,9,0,1
2,9,7,-1
2,4,2,-1
2,3,3,-1
2,10,3,1
2,8,4,-1
2,9,5,0
2,9,0,0
2,10,0,0
2,1,3,-1
2,3,0,-1
2,5,5,1
2,8,1,1
2,1,6,-1
2,10,4,1
2,8,2,-1
2,6,6,-1
2,1,2,-1
2,9,0,-1
2,9,4,1
2,10,0,-1
2,10,9,1
2,10,1,-1
2,8,5,0
2,4,6,-1
2,9,2,-1
2,9,13,-1
2,9,8,1
2,6,10,1
2,4,8,1
2,8,29,1
2,8,0,-1
2,7,2,0
2,6,4,1
2,3,3,-1
2,5,2,-1
2,9,8,-1
2,4,11,1
2,10,14,-1
2,4,9,-1
2,10,9,1
2,8,7,-1
2,9,1,1
2,10,4,-1
2,9,4,-1
2,10,22,1
2,9,4,-1
2,10,3,-1
2,10,2,-1
2,2,3,-1
2,10,17,-1
2,5,0,-1
2,10,24,1
2,10,7,1
2,8,2,0
2,10,7,-1
2,10,9,-1
2,10,4,0
2,9,1,-1
2,1,3,-1
2,8,5,-1
2,5,4,-1
2,6,2,-1
2,5,7,-1
2,8,4,-1
2,10,1,1
2,7,1,-1
2,1,0,-1
2,8,0,1
2,7,2,-1
2,10,0,1
2,7,0,-1
2,8,5,1
2,10,1,1
2,10,53,1
2,9,1,-1
2,9,4,0
2,8,0,-1
2,7,2,-1
2,9,34,1
2,8,1,-1
2,1,6,-1
2,10,8,-1
2,7,5,-1
2,9,2,0
2,4,0,-1
2,9,7,0
2,4,1,0
2,10,1,1
2,5,103,-1
2,9,3,1
2,10,10,-1
2,9,4,1
2,10,21,-1
2,10,5,1
2,9,7,1
2,9,5,1
2,2,3,-1
2,7,7,-1
2,10,1,1
2,4,2,0
2,9,5,1
2,10,3,1
2,9,0,0
2,10,4,-1
2,7,0,-1
2,7,0,-1
2,10,2,0
2,10,6,-1
2,10,1,-1
2,8,2,1
2,10,0,1
2,1,6,-1
2,8,10,1
2,3,2,-1
2,1,3,-1
2,9,1,-1
2,5,12,1
2,9,5,-1
2,3,1,-1
2,8,1,-1
2,5,5,-1
2,1,2,-1
2,9,1,-1
2,5,1,-1
2,6,4,-1
2,2,10,-1
2,10,0,1
2,7,7,1
2,6,0,-1
2,7,3,1
2,5,2,-1
2,8,0,1
2,7,2,0
2,1,43,-1
2,10,1,1
2,10,18,1
2,2,5,-1
2,9,0,0
2,5,1,-1
2,8,3,-1
2,9,4,1
2,10,23,0
2,10,9,1
2,3,7,-1
2,10,3,-1
2,10,4,0
2,10,1,0
2,9,6,-1
2,8,1,0
2,10,19,0
2,8,8,0
2,9,3,1
2,6,3,1
2,1,12,1
2,9,0,1
2,8,12,-1
2,9,4,-1
2,1,0,-1
2,6,1,0
2,2,7,-1
2,4,2,-1
2,1,2,-1
2,7,0,-1
2,9,4,1
2,8,2,1
2,8,4,1
2,3,1,-1
2,7,9,-1
2,9,0,1
2,10,3,1
2,1,4,0
2,10,2,1
2,8,5,1
2,8,4,-1
2,9,6,-1
2,5,2,1
2,5,1,0
2,9,2,-1
2,8,3,-1
2,9,7,-1
2,1,9,0
2,10,3,-1
2,5,0,-1
2,5,10,-1
2,5,0,-1
2,10,2,-1
2,7,2,-1
2,9,7,1
2,2,12,-1
2,9,1,1
2,2,8,0
2,1,8,-1
2,1,0,-1
2,5,2,-1
2,10,8,1
2,4,3,-1
2,1,0,-1
2,7,2,0
2,5,0,0
2,10,18,-1
2,9,4,-1
2,6,0,0
2,10,20,1
2,8,2,0
2,8,1,0
2,5,1,-1
2,9,4,0
2,8,1,-1
2,10,2,-1
2,10,40,1
2,9,3,0
2,10,12,-1
2,10,6,0
2,7,1,1
2,1,5,-1
2,3,1,-1
2,5,3,-1
2,7,11,-1
2,8,37,0
2,10,0,1
2,4,1,-1
2,2,0,-1
2,8,10,-1
2,8,13,1
2,10,5,-1
2,5,10,-1
2,6,4,1
2,7,0,0
2,10,3,1
2,10,4,0
2,10,2,-1
2,10,2,1
2,9,5,0
2,5,2,-1
2,10,1,-1
2,10,8,1
2,10,9,0
2,7,3,-1
2,7,0,-1
2,9,2,1
2,4,1,-1
2,9,1,0
2,1,0,-1
2,9,2,1
2,10,1247,1
2,9,7,1
2,9,10,1
2,2,4,1
2,8,5,-1
2,5,1,0
2,8,4,0
2,5,8,-1
2,9,6,1
2,9,3,1
2,6,1,-1
2,9,14,-1
2,10,7,0
2,1,4,-1
2,9,2,-1
2,9,12,1
2,1,3,-1
2,3,44,-1
2,9,4,0
2,10,41,1
2,1,6,-1
2,10,22,1
2,1,0,-1
2,9,11,1
2,10,5,0
2,9,2,0
2,10,6,0
2,5,1,-1
2,1,2,-1
2,1,21,0
2,10,6,0
2,7,5,-1
2,10,22,1
2,10,7,1
2,10,9,0
2,10,30,1
2,4,5,-1
2,6,0,0
2,10,2,1
2,10,3,1
2,9,0,0
2,3,1,0
2,9,1,1
2,9,0,-1
2,8,6,-1
2,8,1,1
2,5,7,-1
2,9,2,1
2,9,15,0
2,1,18,-1
2,10,4,1
2,9,11,1
2,10,12,0
2,8,12,1
2,1,6,1
2,8,1,-1
2,10,6,1
2,4,0,-1
2,10,5,-1
2,8,9,-1
2,6,11,1
2,5,1,-1
2,7,5,-1
2,2,1,-1
2,9,16,1
2,9,1,1
2,7,4,-1
2,10,4,-1
2,8,4,-1
2,9,1,1
2,5,0,-1
2,10,8,1
2,2,5,-1
2,4,1,-1
2,9,2,1
2,9,2,-1
2,8,0,-1
2,7,1,1
2,1,11,-1
2,8,7,1
2,5,0,-1
2,6,7,0
2,3,26,-1
2,9,2,-1
2,10,12,0
2,7,3,-1
2,8,0,1
2,10,16,1
2,6,4,1
2,9,1,0
2,5,3,-1
2,6,2,-1
2,9,2,1
2,1,8,-1
2,6,6,-1
2,7,0,0
2,9,8,1
2,5,0,-1
2,1,5,-1
2,2,22,0
2,9,0,0
2,9,0,1
2,9,2,0
2,10,5,1
2,1,4,-1
2,10,13,1
2,10,8,1
2,10,15,-1
2,10,4,-1
2,10,6,-1
2,10,0,-1
2,8,14,0
2,5,5,-1
2,10,7,0
2,1,7,1
2,10,5,1
2,10,1,1
2,1,3,-1
2,5,15,-1
2,1,10,-1
2,8,2,-1
2,5,1,-1
2,10,1,1
2,10,5,-1
2,9,4,1
2,4,0,-1
2,10,3,1
2,9,0,1
2,6,2,-1
2,7,29,0
2,10,2,1
2,9,1,0
2,10,0,0
2,8,2,-1
2,7,2,-1
2,7,1,-1
2,9,6,1
2,5,1,-1
2,10,1,1
2,7,1,-1
2,10,2,0
2,8,5,0
2,10,6,0
2,2,1,-1
2,10,2,1
2,8,2,-1
2,4,9,-1
2,9,0,1
2,9,4,1
2,8,2,-1
2,8,3,0
2,9,5,1
2,6,4,-1
2,2,8,-1
2,9,4,1
2,2,4,-1
2,6,0,0
2,8,34,-1
2,10,40,1
2,6,8,0
2,3,5,0
2,10,4,1
2,8,7,1
2,8,2,-1
2,2,11,1
2,1,1,-1
2,5,12,-1
2,10,14,1
2,10,2,1
2,1,6,-1
2,7,8,-1
2,6,0,0
2,9,1,1
2,1,3,-1
2,10,8,1
2,10,7,-1
2,5,2,-1
2,6,6,-1
2,5,2,0
2,9,13,1
2,10,0,1
2,9,4,-1
2,10,6,0
2,8,2,0
2,7,0,-1
2,9,3,1
2,10,0,0
2,6,0,-1
2,7,2,0
2,7,0,1
2,10,4,1
2,9,11,1
2,10,7,1
2,1,16,-1
2,3,9,-1
2,10,41,1
2,3,14,-1
2,1,1,-1
2,1,2,-1
2,8,2,-1
2,9,0,0
2,10,3,1
2,10,0,-1
2,2,7,-1
2,6,19,-1
2,7,1,-1
2,2,9,1
2,10,2,1
2,9,15,1
2,5,6,-1
2,9,0,-1
2,10,4,1
2,6,0,0
2,4,1,0
2,3,2,-1
2,2,6,0
2,7,1,0
2,10,1,1
2,10,39,1
2,1,22,-1
2,9,9,1
2,3,8,0
2,10,2,1
2,7,2,0
2,1,3,-1
2,2,3,-1
2,8,9,0
2,8,7,-1
2,7,30,-1
2,4,5,-1
2,2,18,-1
2,6,1,-1
2,10,13,0
2,10,1,1
2,6,7,0
2,1,8,-1
2,1,4,-1
2,10,1,1
2,9,16,1
2,3,10,-1
2,1,0,-1
2,10,19,1
2,7,4,1
2,10,2,-1
2,9,23,1
2,10,29,1
2,10,6,-1
2,9,4,-1
2,5,4,1
2,2,2,-1
2,4,0,-1
2,9,40,1
2,9,1,-1
2,4,2,1
2,9,1,1
2,9,1,1
2,8,174,-1
2,1,28,1
2,5,3,1
2,9,9,-1
2,5,3,-1
2,9,4,0
2,9,0,0
2,1,10,-1
2,10,35,1
2,7,1,1
2,10,6,0
2,6,3,-1
2,6,18,-1
2,10,4,1
2,5,0,-1
2,10,2,1
2,10,4,0
2,10,0,1
2,2,35,-1
2,7,1,1
2,8,0,-1
2,10,4,0
2,8,7,-1
2,10,0,0
2,10,2,1
2,10,12,1
2,2,1,-1
2,8,1,1
2,9,13,1
2,8,4,1
2,10,1,1
2,9,2,1
2,10,3,1
2,7,2,0
2,7,5,-1
2,8,1,-1
2,9,19,1
2,10,1,1
2,3,1,1
2,7,3,-1
2,4,9,-1
2,9,43,1
2,9,4,1
2,1,5,-1
2,9,2,1
2,10,6,0
2,5,0,0
2,3,17,-1
2,8,0,-1
2,9,0,1
2,9,1,0
2,9,5,0
2,9,4,1
2,6,3,-1
2,6,66,1
2,8,0,-1
2,8,4,-1
2,2,2,-1
2,9,7,-1
2,1,3,-1
2,9,2,-1
2,10,2,1
2,9,0,-1
2,9,15,1
2,1,15,-1
2,9,0,-1
2,9,11,0
2,10,10,-1
2,1,4,-1
2,9,10,-1
2,2,2,-1
2,9,19,1
2,8,5,-1
2,6,0,-1
2,9,3,1
2,10,2,1
2,10,1,1
2,9,2,1
2,10,5,1
2,9,0,-1
2,1,1,-1
2,7,0,-1
2,1,1,-1
2,2,9,-1
2,1,16,0
2,5,4,-1
2,9,20,1
2,10,5,-1
2,9,1,1
2,8,4,-1
2,10,7,1
2,10,3,1
2,7,2,1
2,9,7,-1
2,10,1,1
2,10,2,1
2,2,1,-1
2,8,0,1
2,10,11,-1
2,2,2,-1
2,10,7,1
2,3,2,1
2,5,0,-1
2,8,4,-1
2,4,7,-1
2,2,7,-1
2,9,11,0
2,7,7,-1
2,10,5,-1
2,9,4,-1
2,3,8,-1
2,1,1,-1
2,9,26,1
2,8,4,-1
2,2,7,0
2,10,7,1
2,9,1,1
2,10,11,1
2,1,2,1
2,8,13,-1
2,4,4,-1
2,9,58,-1
2,5,0,-1
2,9,1,0
2,10,1,1
2,7,4,-1
2,5,2,-1
2,9,40,1
2,8,7,-1
2,3,6,1
2,10,4,0
2,10,1,1
2,9,2,0
2,5,0,-1
2,9,9,1
2,5,1,-1
2,2,7,-1
2,10,7,1
2,10,4,-1
2,10,6,1
2,1,5,0
2,1,9,-1
2,9,2,-1
2,10,2,1
2,10,3,1
2,10,0,1
2,9,5,1
2,10,4,0
2,10,2,1
2,8,3,-1
2,8,1,-1
2,6,4,0
2,3,0,-1
2,1,4,-1
2,9,0,-1
2,10,2,0
2,10,0,1
2,10,8,1
2,5,4,-1
2,8,4,-1
2,1,8,-1
2,5,0,1
2,9,1,1
2,9,9,0
2,2,12,-1
2,3,3,-1
2,7,0,-1
2,10,1,1
2,9,1,0
2,2,6,-1
2,7,5,0
2,10,71,1
2,7,1,-1
2,1,5,-1
2,3,0,-1
2,10,10,1
2,9,6,-1
2,10,2,0
2,9,6,1
2,10,3,1
2,8,4,1
2,9,2,0
2,1,3,-1
2,10,5,1
2,3,2,-1
2,10,3,0
2,10,32,-1
2,10,2,1
2,9,27,1
2,10,2,-1
2,10,3,1
2,10,5,0
2,10,3,-1
2,8,0,1
2,9,9,1
2,4,1,-1
2,8,1,-1
2,7,0,0
2,9,19,-1
2,9,2,1
2,8,1,1
2,10,3,1
2,10,1,-1
2,3,2,-1
2,9,0,1
2,10,5,1
2,9,3,1
2,8,84,1
2,5,7,-1
2,3,3,-1
2,5,2,0
2,6,3,-1
2,8,0,-1
2,7,4,-1
2,9,1,-1
2,9,4,-1
2,1,2,-1
2,10,9,1
2,4,1,-1
2,8,2,-1
2,4,4,-1
2,8,0,-1
2,9,30,-1
2,3,15,-1
2,9,3,1
2,10,397,1
2,7,3,-1
2,1,1,-1
2,7,13,1
2,3,28,1
2,10,18,1
2,9,3,1
2,9,2,-1
2,9,9,-1
2,7,2,-1
2,3,1,-1
2,7,3,-1
2,9,18,1
2,10,4,1
2,10,4,1
2,7,10,1
2,4,6,-1
2,4,2,-1
2,9,0,-1
2,4,2,-1
2,1,12,-1
2,7,0,-1
2,9,22,1
2,10,7,-1
2,10,4,1
2,9,10,1
2,8,4,-1
2,10,1,1
2,1,4,0
2,5,0,-1
2,8,4,0
2,8,2,0
2,7,3,0
2,1,3,-1
2,9,1,1
2,9,13,-1
2,10,9,0
2,6,1,1
2,8,6,0
2,5,0,-1
2,7,6,1
2,1,11,-1
2,7,2,0
2,6,2,-1
2,10,2,1
2,9,0,1
2,1,2,-1
2,5,4,-1
2,3,16,-1
2,4,50,-1
2,9,30,-1
2,8,5,1
2,10,3,1
2,8,0,0
2,10,3,1
2,10,2,1
2,9,4,0
2,8,24,1
2,10,2,0
2,3,2,-1
2,10,5,-1
2,9,3,0
2,2,1,-1
2,7,0,-1
2,9,2,1
2,8,25,1
2,9,1,-1
2,6,4,-1
2,8,6,1
2,9,3,1
2,10,13,0
2,1,1,-1
2,5,4,0
2,9,1,0
2,2,0,1
2,9,10,-1
2,9,5,1
2,10,9,1
2,9,1,-1
2,9,4,-1
2,10,6,1
2,9,1,0
2,9,7,0
2,4,3,-1
2,2,6,-1
2,8,4,-1
2,8,6,1
2,10,2,-1
2,10,6,1
2,3,0,-1
2,3,3,-1
2,1,0,-1
2,10,3,-1
2,8,1,-1
2,10,6,0
2,10,4,-1
2,3,14,-1
2,7,9,-1
2,8,8,1
2,10,3,-1
2,1,6,-1
2,9,0,1
2,9,7,-1
2,7,4,1
2,8,6,-1
2,8,5,1
2,10,32,1
2,5,2,-1
2,1,3,-1
2,9,0,0
2,8,3,-1
2,10,3,-1
2,8,1,0
2,9,0,1
2,9,10,1
2,8,2,-1
2,9,39,1
2,1,6,-1
2,10,7,-1
2,10,11,0
2,10,6,1
2,3,5,-1
2,8,1,0
2,10,13,1
2,9,2,-1
2,6,5,-1
2,10,10,-1
2,8,3,1
2,9,0,-1
2,1,4,1
2,9,8,1
2,10,14,1
2,9,3,1
2,8,0,-1
2,9,16,0
2,9,4,1
2,10,1,1
2,10,4,1
2,9,2,-1
2,10,5,0
2,10,505,1
2,10,9,-1
2,10,2,0
2,10,4,1
2,1,3,-1
2,1,8,-1
2,9,0,-1
2,9,10,1
2,10,38,-1
2,5,2,-1
2,10,21,1
2,9,1,0
2,10,9,1
2,10,9,1
2,6,0,-1
2,6,22,0
2,1,6,-1
2,10,67,1
2,1,3,-1
2,10,4,1
2,10,26,1
2,1,0,-1
2,5,3,-1
2,9,4,-1
2,8,2,-1
2,7,3,0
2,10,7,1
2,4,1,0
2,4,4,1
2,4,0,-1
2,10,22,-1
2,8,1,0
2,8,27,0
2,10,7,-1
2,3,3,-1
2,3,11,-1
2,4,2,-1
2,10,17,1
2,8,5,1
2,3,6,-1
2,8,3,-1
2,7,5,-1
2,6,1,-1
2,10,0,1
2,1,30,-1
2,10,8,-1
2,4,1,-1
2,5,3,-1
2,3,5,-1
2,10,5,1
2,1,0,-1
2,10,3,1
2,10,5,1
2,8,2,-1
2,10,0,-1
2,9,5,1
2,10,6,0
2,10,17,0
2,2,7,0
2,9,2,-1
2,6,9,-1
2,3,2,-1
2,10,0,1
2,10,7,0
2,10,1,0
2,10,4,-1
2,10,7,1
2,8,3,0
2,5,2,-1
2,6,3,0
2,5,2,1
2,9,13,1
2,9,6,0
2,4,6,1
2,5,5,-1
2,10,5,1
2,5,4,1
2,10,3,1
2,9,6,-1
2,3,1,-1
2,1,0,-1
2,10,4,1
2,9,7,1
2,10,23,1
2,10,1,1
2,4,4,-1
2,8,1,0
2,10,3,1
2,5,42,0
2,9,3,-1
2,10,3,1
2,6,30,1
2,10,29,-1
2,1,3,-1
2,10,1,0
2,3,10,-1
2,9,4,-1
2,9,2,1
2,10,7,1
2,9,22,1
2,5,0,-1
2,9,4,-1
2,3,3,0
2,10,24,1
2,6,1,-1
2,7,6,-1
2,9,21,0
2,2,8,1
2,1,8,-1
2,9,6,0
2,9,4,-1
2,2,15,-1
2,6,1,-1
2,10,1,1
2,10,0,1
2,8,28,1
2,9,118,1
2,4,3,-1
2,10,7,-1
2,7,4,1
2,9,8,1
2,5,2,1
2,8,4,-1
2,5,2,-1
2,10,5,1
2,9,6,1
2,10,21,1
2,5,15,1
2,10,1,-1
2,10,20,1
2,5,0,-1
2,1,1,-1
2,10,7,-1
2,8,6,-1
2,3,9,-1
2,9,1,-1
2,1,1,-1
2,5,3,-1
2,2,5,-1
2,4,2,1
2,8,0,0
2,8,1,1
2,9,29,0
2,10,2,1
2,10,33,1
2,10,1,-1
2,10,3,1
2,9,3,-1
2,5,1,0
2,6,4,0
2,1,0,-1
2,9,4,-1
2,10,28,1
2,3,1,-1
2,8,1,-1
2,10,39,0
2,10,4,-1
2,10,0,1
2,9,3,-1
2,2,5,-1
2,9,2,-1
2,1,4,-1
2,10,7,1
2,8,9,0
2,9,5,1
2,10,4,-1
2,6,0,-1
2,10,1,1
2,7,2,-1
2,8,18,1
2,10,2,1
2,10,34,1
2,3,0,1
2,10,2,1
2,3,8,-1
2,9,3,1
2,10,18,1
2,8,3,1
2,10,11,1
2,4,2,0
2,10,1,-1
2,10,5,1
2,6,7,0
2,9,1,1
2,8,2,1
2,8,200,1
2,2,15,-1
2,1,3,-1
2,9,61,1
2,6,8,-1
2,8,6,0
2,5,0,-1
2,6,1,-1
2,8,21,-1
2,6,13,1
2,8,3,-1
2,1,1,-1
2,1,4,-1
2,10,5,1
2,4,4,-1
2,9,2,-1
2,9,10,1
2,2,5,-1
2,1,10,-1
2,10,1,-1
2,10,1,1
2,3,5,-1
2,2,2,0
2,3,4,1
2,5,15,0
2,3,2,-1
2,6,0,1
2,10,1,1
2,8,0,-1
2,9,19,1
2,3,3,-1
2,9,10,1
2,9,36,-1
2,10,3,1
2,6,8,1
2,5,4,-1
2,6,6,-1
2,10,1,1
2,10,5,0
2,9,2,1
2,10,2,0
2,2,8,-1
2,4,3,1
2,10,6,-1
2,9,1,1
2,7,1,-1
2,9,33,0
2,3,12,0
2,2,1,-1
2,10,3,0
2,9,6,1
2,10,22,1
2,4,3,-1
2,9,12,-1
2,9,7,-1
2,10,0,1
2,10,1,0
2,1,9,1
2,9,1,1
2,5,7,1
2,3,16,-1
2,10,6,0
2,4,6,0
2,10,31,1
2,1,6,-1
2,7,4,-1
2,9,1,1
2,10,5,1
2,1,3,-1
2,5,42,1
2,4,7,0
2,9,20,1
2,5,1,0
2,8,1,-1
2,5,0,1
2,10,2,1
2,9,3,1
2,2,3,-1
2,5,9,-1
2,6,8,1
2,10,2,1
2,10,10,1
2,7,0,-1
2,10,7,1
2,8,0,-1
2,3,0,-1
2,1,0,-1
2,1,7,-1
2,5,8,-1
2,1,8,0
2,1,6,-1
2,7,4,-1
2,6,3,-1
2,10,0,1
2,5,3,-1
2,3,6,-1
2,10,15,0
2,10,1,1
2,9,58,1
2,10,2,-1
2,3,3,-1
2,8,0,0
2,1,3,-1
2,10,2,-1
2,8,15,-1
2,8,2,0
2,5,3,-1
2,9,4,1
2,4,3,1
2,10,19,1
2,10,43,-1
2,10,18,-1
2,8,3,1
2,6,4,-1
2,6,2,-1
2,9,6,0
2,7,0,1
2,4,4,-1
2,7,3,-1
2,1,6,0
2,5,3,-1
2,8,2,1
2,1,2,1
2,9,5,0
2,10,47,1
2,10,5,1
2,9,8,-1
2,9,14,1
2,8,1,-1
2,8,9,-1
2,7,15,-1
2,10,11,-1
2,9,0,1
2,10,1,1
2,10,5,1
2,1,0,-1
2,10,4,-1
2,5,4,-1
2,9,3,-1
2,8,4,0
2,7,6,1
2,3,1,-1
2,5,5,-1
2,6,5,0
2,7,7,1
2,9,5,-1
2,2,3,-1
2,9,5,-1
2,9,1,1
2,7,4,-1
2,8,32,-1
2,9,5,1
2,10,3,1
2,10,17,1
2,7,4,-1
2,7,2,-1
2,8,3,1
2,9,6,0
2,7,4,-1
2,7,3,-1
2,9,2,0
2,5,1,-1
2,10,8,-1
2,1,2,-1
2,7,6,0
2,9,22,0
2,9,2,0
2,7,4,-1
2,9,6,0
2,4,11,-1
2,2,0,-1
2,8,3,0
2,10,0,1
2,9,5,1
2,9,2,-1
2,1,8,1
2,9,2,-1
2,7,2,-1
2,1,5,-1
2,10,1,1
2,9,4,-1
2,10,14,1
2,10,3,1
2,5,13,0
2,3,5,-1
2,8,1,1
2,8,6,0
2,10,1,-1
2,1,0,-1
2,5,4,-1
2,10,14,-1
2,10,2,1
2,1,8,-1
2,8,0,1
2,9,15,1
2,10,17,1
2,1,13,-1
2,8,1,-1
2,1,1,0
2,10,4,1
2,10,1,1
2,7,1,1
2,5,6,0
2,2,11,-1
2,1,3,-1
2,1,50,-1
2,5,5,-1
2,9,1,1
2,10,15,1
2,2,10,-1
2,6,18,1
2,8,5,-1
2,8,11,1
2,10,4,0
2,9,16,-1
2,9,6,1
2,3,7,-1
2,4,0,-1
2,10,9,1
2,9,4,0
2,4,1,0
2,3,0,-1
2,5,0,1
2,10,0,0
2,10,4,0
2,5,2,-1
2,7,2,1
2,2,0,-1
2,10,2,-1
2,10,3,0
2,10,8,1
2,10,4,-1
2,6,4,0
2,9,1,1
2,8,1,1
2,1,11,-1
2,8,8,-1
2,9,10,-1
2,6,2,-1
2,10,28,1
2,4,9,-1
2,7,2,-1
2,8,28,0
2,1,12,1
2,10,1,-1
2,10,0,1
2,4,3,-1
2,6,0,0
2,10,1,0
2,9,1,1
2,9,1,-1
2,8,1,1
2,10,0,0
2,10,2,0
2,10,8,1
2,9,1,0
2,3,0,-1
2,8,18,0
2,10,23,1
2,1,1,-1
2,5,10,-1
2,8,4,-1
2,8,10,-1
2,9,1,0
2,7,0,0
2,10,2,1
2,8,4,-1
2,7,1,0
2,10,26,1
2,9,2,1
2,10,11,1
2,5,2,-1
2,7,10,0
2,7,0,-1
2,7,1,1
2,5,5,-1
2,9,11,0
2,9,3,0
2,5,3,-1
2,9,2,-1
2,1,11,-1
2,10,2,-1
2,10,11,-1
2,10,3,-1
2,1,4,-1
2,3,4,1
2,8,8,0
2,9,3,1
2,7,1,1
2,10,5,1
2,9,15,-1
2,9,5,-1
2,9,12,0
2,9,42,-1
2,8,3,0
2,2,4,-1
2,8,6,-1
2,10,40,1
2,10,5,0
2,5,0,-1
2,9,0,1
2,5,3,0
2,10,10,1
2,9,2,1
2,2,4,-1
2,10,4,0
2,5,0,-1
2,10,19,-1
2,9,11,0
2,6,1,-1
2,8,3,1
2,10,1,1
2,10,0,1
2,2,2,-1
2,10,3,1
2,10,8,-1
2,10,21,1
2,8,12,0
2,9,4,1
2,8,3,-1
2,9,1,0
2,9,7,-1
2,7,1,0
2,8,3,0
2,7,5,1
2,9,14,1
2,3,1,-1
2,9,9,1
2,2,4,-1
2,1,3,-1
2,1,10,-1
2,2,0,-1
2,9,0,-1
2,1,8,-1
2,6,8,-1
2,10,4,1
2,10,1,1
2,1,8,-1
2,9,6,0
2,1,6,-1
2,4,1,-1
2,1,4,-1
2,10,10,0
2,9,18,-1
2,6,4,1
2,9,84,-1
2,9,8,-1
2,8,6,1
2,2,4,-1
2,10,17,1
2,10,0,1
2,10,8,0
2,1,8,-1
2,5,1,1
2,1,2,-1
2,8,8,0
2,10,13,1
2,10,0,1
2,5,2,0
2,10,4,0
2,10,2,1
2,10,14,1
2,9,0,1
2,1,10,-1
2,10,2,0
2,2,3,-1
2,10,26,-1
2,9,5,0
2,1,1,-1
2,8,32,-1
2,9,3,1
2,10,6,-1
2,10,6,1
2,10,0,1
2,10,9,1
2,1,4,-1
2,3,8,-1
2,8,11,-1
2,4,1,-1
2,10,4,1
2,9,1,-1
2,10,3,-1
2,10,36,-1
2,10,2,0
2,6,0,0
2,5,12,0
2,1,3,-1
2,1,8,-1
2,9,4,-1
2,10,14,0
2,4,9,-1
2,9,0,-1
2,10,19,1
2,9,1,-1
2,10,15,-1
2,9,3,0
2,10,0,1
2,2,5,-1
2,10,4,0
2,9,2,-1
2,9,4,1
2,9,7,-1
2,7,2,-1
2,9,4,1
2,9,3,1
2,1,6,0
2,8,15,1
2,10,21,1
2,10,3,-1
2,7,1,1
2,10,5,1
2,6,8,0
2,10,6,1
2,8,4,-1
2,4,5,-1
2,10,5,1
2,7,2,0
2,4,5,-1
2,3,2,-1
2,5,1,0
2,9,6,1
2,9,3,1
2,9,3,-1
2,5,4,-1
2,8,5,0
2,1,4,-1
2,5,39,1
2,3,4,-1
2,10,3,1
2,10,13,1
2,9,10,1
2,2,6,1
2,10,12,1
2,10,1,-1
2,9,49,1
2,6,6,-1
2,9,0,-1
2,8,1,1
2,5,4,1
2,8,25,-1
2,8,0,1
2,5,0,1
2,1,5,-1
2,1,7,-1
2,8,1,1
2,9,7,-1
2,3,45,-1
2,8,2,-1
2,6,12,-1
2,10,3,1
2,8,2,1
2,9,6,1
2,2,4,-1
2,3,1,0
2,10,4,0
2,1,8,-1
2,10,3,1
2,9,3,0
2,7,3,-1
2,6,4,-1
2,6,1,0
2,2,0,-1
2,6,0,-1
2,8,5,1
2,9,5,0
2,10,30,1
2,1,3,-1
2,9,2,1
2,7,0,0
2,8,8,0
2,10,12,1
2,9,3,0
2,2,2,0
2,9,1,1
2,5,4,-1
2,1,8,-1
2,9,3,-1
2,1,2,-1
2,5,4,-1
2,10,1,1
2,9,4,-1
2,7,21,0
2,10,13,1
2,8,0,0
2,8,2,1
2,10,1,1
2,8,2,-1
2,1,6,-1
2,10,1,0
2,9,2,-1
2,2,1,-1
2,10,8,1
2,2,5,-1
2,3,19,-1
2,9,10,1
2,10,13,1
2,10,0,0
2,9,1,0
2,8,6,1
2,10,1,1
2,8,1,-1
2,10,17,-1
2,8,6,1
2,1,57,-1
2,8,8,1
2,10,1,0
2,8,6,-1
2,8,11,-1
2,2,2,0
2,8,1,-1
2,6,2,-1
2,2,1,-1
2,8,5,-1
2,10,3,1
2,10,0,1
2,3,4,1
2,7,1,0
2,8,6,-1
2,10,7,1
2,10,21,1
2,1,8,-1
2,10,4,-1
2,8,2,-1
2,10,2,-1
2,10,5,0
2,4,5,0
2,10,2,0
2,8,2,1
